id,hashtag
991241865297997824,Afrin
991723996054937601,UCLfinal
991433704575852544,1Mayıs
991433704575852544,1May
991433704575852544,MayDay
991370923524673536,Kurds
991370923524673536,Afrin
991370923524673536,Ghouta
992605111963664384,Knicks
991761874843648000,RomaLiverpool
991761874843648000,RomaLFC
991761874843648000,ROMLIV
992561276772540416,Travel
992561276772540416,Cruise
905523724732043265,SICK
991746850184224768,Rojava
991796326860902400,DefendRojava
991725587860459520,Afrin
991725587860459520,Turkey
991726590445826048,STAR
991726590445826048,Take3
991727699344244736,Trump2020
992713009893064704,IFLC2018
992728434144153600,Gandhi
992728434144153600,iflcsydney
992728434144153600,IFLC2018
991853539570868224,MAGA
991853539570868224,ThursdayThoughts
991299358388781056,SDF
992720534528868357,iflcsydney
992720052599242752,iflcsydney
992720052599242752,iflcaustralia
992720052599242752,diversity
992720052599242752,passion
992879704377036800,Turkish
992503622385614848,dog_lb
992802042883297280,Afrin
992885842099220480,NATO
992885842099220480,TurkishWarCrimes
992545680500518912,MAGA
992545680500518912,QAnon
992545680500518912,HANNITY
992554374407716865,JohnKerryTraitor
993059696184524801,Afrin
993059696184524801,Shehba
993044212756172801,YPG
992896783851323392,Koran
992885244666753024,AngelinaJolie
992885244666753024,NATO
992857896659668992,Jindirese
992857896659668992,Afrin
992917321881604096,IranDeal
992913250634354696,Demirtaş
992913250634354696,PKK
992913250634354696,YPG
992913250634354696,PYD
992913250634354696,Fetö
992913250634354696,Öcalan
992913250634354696,Gülen
992913250634354696,HDP
992913250634354696,PJAK
992913250634354696,KRG
992913250634354696,Israel
993155965133447168,DeirEzzor
993077268061786112,SDF
992770998847135745,Left
992770998847135745,SaturdayMorning
993201535831207936,Kurds
993201535831207936,ISIS
949351676976103424,VoterID
949351676976103424,VoterFraud
949351676976103424,MAGA
993153020601958401,Erdogan
993102523656474626,NATO
993102523656474626,Efrîn
992901403214516224,Erdogan
992901403214516224,dissidents
993142758696202240,Afrin
993237851709100040,NATO
993223912740749313,MICHIGAN
993223912740749313,MI
993223912740749313,America
993150897801826309,UPDATE
993238907897700358,Turkish
993238907897700358,Kurdish
993238907897700358,Buşra_Şêxo
993238907897700358,Afrin
993406735699279873,traitor
993090514089119745,htafc
993323087046299648,AlBab
993068364594663430,YPGpressOffice
993254043266011139,Raqqa
992099325902704640,ccot
992099325902704640,dog_lb
993292670901436416,americanidol
993158480570630144,SundayMorning
993018292653654017,hentaicommunity
993448862479273985,betting
993228195368521728,KarlMarx
993228195368521728,Rothschilds
993182359762690048,ElClasico
993182359762690048,BARRMA
993182359762690048,BAR
993182359762690048,RMA
993170689099206657,Afrin
993475050320945154,gangslaughter
993133257070927872,YPG
993133257070927872,Shehba
992737903330643973,hentaicommunity
992737903330643973,paizuri
993210385506488320,ThisIsAmerica
943811578062917632,resistance
993571045926817792,LeganesLevante
993571045926817792,LaLiga
993458714089852928,islam
993458714089852928,Muslim
993458714089852928,MuslimBan
993458714089852928,1stAmendment
993458714089852928,terrorism
993458714089852928,MAGA
993458714089852928,infowars
993520471705640961,EatClean
993520471705640961,Organic
993520471705640961,partner
992612181291257857,AntiWhiteHateExposed
993505427383046145,Afrin
993459525444423680,Syria
993459525444423680,NATO
993569153226235905,AskEnes
993568787952783360,SiAmoAfrin
993568787952783360,Afrin
993565509265195008,AskEnes
993565509265195008,KingOfNewYork
993229485414715392,Afrin
993444978587262976,AnnLovett
993491074403495936,SPLCexposed
993582230046887937,2ADefenders
993582230046887937,ShallNotBeInfringed
993716238189707265,MeToo
993204635736444928,RaminHosseinPanahi
993708774266466304,hizbuttahrir
993496617994080256,UN
993496617994080256,Afrin
993629048944451586,Netanyahu
993629048944451586,Iran
993629048944451586,Israel
993646950854508550,MeToo
993646950854508550,KeepAmericaGreat
993479384119042049,Afrin
993479384119042049,Kurdistan
993192166485721090,JetUp
1005269073016520704,Sunbets
1004844617827790848,Pakistan
1004844617827790848,Turkey
1004558859904733185,Casino
1004558859904733185,888Casino
1005419283646763009,HAYDOCK
1005419283646763009,RACES
1005533089433448448,Manbij
1005533089433448448,Afrin
1005533089433448448,Syria
1004920673146245120,defendeurope
1004853488814354438,goldenknights
1004853488814354438,nhl
1005567501927927808,Ukraine
1005567501927927808,Azov
1004776443954462720,Truth
1004649074291892224,Manbij
1005070751697920000,Turkey
1003587919041396736,JazeeraStorm
1002678067964403718,Ramadhan
1002678067964403718,Khilafah
1004661771490283520,WORLD
1004661771490283520,CUP
1005072641173131264,lottery
991677658361745410,Turkey
1005012222245031936,lottery
1004081028695113728,KeepAmericaGreat
1004643124650631169,betting
1005470091801133056,Manbij
1005470091801133056,ISIS
1005147007659454465,EnesKanterFoundation
1005224881833693184,Netbet
1004799629735624705,America
1004401332915015681,AmericaFirst
1004135315735445504,AmericanWomanTV
1004346032640200704,ZOG
1005510715258621954,Betonline
1004770873088323586,hdp
1004770873088323586,trt
1005273072004313088,Krauthammer
1005023135811473409,Leopardstown
1004800291768856576,SDF
1004694760899203072,NBABDAY
1004694760899203072,WhateverItTakes
1005573028447649792,EnesKanterFoundation
1004430541750300674,MyPresident
1005236382632173570,Netbet
1005564179179233280,AmericaFirst
1005564179179233280,MAGA
1004865767391858688,Ramadhan
1004674731763781632,GodsofNatureSlot
1004674731763781632,TianDiYuanSuSlot
1005578443520552961,OANN
1005578443520552961,ExtremeVetting
1005424171663405057,TurkishWarCrime
1005424171663405057,WaterWars
1005168418117464064,Chile
1005168418117464064,POLCHI
1005089825232441345,Leopardstown
1004882460465860609,ShabbirMansuri
1004680075315499008,DDay
1004680075315499008,Zionist
1004680075315499008,Europeans
1004680075315499008,JewWorldOrder
1004836520170156032,RemoveRyan
1004836520170156032,KeepAmericaGreat
1004629074122338305,Afrin
1004458737610973185,JazeeraStorm
1005527505279676416,AmericaFirst
1005752110024192000,russia
1005474842559250433,SDF
1005571785478365184,EnesKanterFoundation
1005561647711309824,DeirEzzor
919998268687437824,HeForShe
1005676721604038657,Sunbets
1003044935325667328,YPJ
1004263350799421440,YPG
1004263350799421440,JazeeraStorm
1004613371243778048,NRTnews
1004613371243778048,Turkey
1004613371243778048,Syria
1005256479820005377,2A
1005256479820005377,dog_lb
1004420916309299201,MAGA
1004420916309299201,KAG
1004420916309299201,MCGA
1004420916309299201,Trump
1004420916309299201,QAnon
1004420916309299201,VoteRed2018
1004420916309299201,Spygate
1004612424400556032,SYRIA
1004612424400556032,SDF
1004612424400556032,DeirEzzor
1004612424400556032,YPG
1004612424400556032,AFRIN
1004612424400556032,YJA_STAR
1004612424400556032,KURDISTAN
1005048041592803328,TwitterKurds
1005048041592803328,Rojava
1005048041592803328,YPG
1005048041592803328,YPJ
1005611458972078081,SummerofLebron
1005049492817825793,YPJ
1004145359151562754,MambaMentality
1005522417060601856,Ramadan
1005192494621970432,KAG
1004985735483678721,EceSevimÖztürk
1005055030871973888,Makhmur
1004671553584459776,NATO
1004671553584459776,Erdogan
1005338190952009728,NBADesktop
1005838829608165377,freetommy
1005834597920362496,SDF
1005834597920362496,DeirEzzor
1004774855856750592,Refugees
1004844941103763456,Pakistan
1004844941103763456,Turkey
1006143957494124546,Erdogan
1006143957494124546,Shingal
1006143957494124546,Sinjar
1004686415811301376,Manbij
1005562636367466502,DeirEzzor
1005562636367466502,ISIS
1006123904597929984,WORLD
1006123904597929984,CUP
1004733356985085952,PrideMonth
1004733356985085952,LGBTQ
1004733356985085952,FeminismIsCancer
1004733356985085952,Pride
1004733356985085952,whitestraightandproud
1006701480697401344,RobertDeNiro
1006342995136909313,KimJongUn
1006342995136909313,MAGA
1006342995136909313,TrumpKimSummit
1005535432589873152,Turkey
1004757222403072000,Khilafah
1005809770413150208,ArmedForces
1004367829037174784,Iran
1004367829037174784,iftar
1004367829037174784,FreeIran2018
1006431925131665408,TrumpKimSummit
1006431925131665408,KeepAmericaGreat
1006564609657049088,Casino
1006564609657049088,NetplayTV
1006426860148817921,TrumpKimSummit
1005795163506126848,عفرين
1005802931919228928,NATO
1005855598154584065,Susanna
1005854799311482881,KeepAmericaGreat
1006197423104983040,ma4t
1006946808814342145,StopExecutionOfRamin
1005925896593858564,XboxE3
1006741307291783172,1xBet
1005111827074650115,RIPAnthonyBourdain
1006527919005429760,TuesdayThoughts
1004680278927953920,SDF
1007081857404493824,FBI
1007081857404493824,IGReport
1007081857404493824,Awesome
1007081857404493824,MAGA
1004553708326158338,DefendEurope
1004763040313692161,WhiteGenocide
1005935854198644742,RaminHosseinPanahi
1005935854198644742,SosRamin
1006595560785219584,RaminHosseinPanahi
1004771259480264704,Casino
1004771259480264704,Affpower
1005576143498432512,dog_lb
1006363228543291393,Casino
1005865289156890627,hockey
1005865289156890627,playoffs
1006295498922262528,2018investecderby
1005865490454122496,Novibet
1006638889845522432,Now
1006651494941249536,EfrinAfterTurkInvasion
1006365036254846979,Matchbook
1006133866426519552,PKK
1006133866426519552,Turkey
1006133866426519552,Kurdish
1006527417408770048,NorthKorea
1006085823773757440,JazeeraStorm
1006085823773757440,SDF
897579363406757888,MSGOnlineGurukul
1006563707877543936,Pulse
1006108781082824704,betting
1006345480412938240,KeepAmericaGreat
1005722749409611776,RaminHosseinPanahi
1006110517260414977,SosRamin
1005935967516151813,SDF
1005935967516151813,DeirEzzor
1006355546017095682,TrumpKimSummit
950769855111880704,LawEnforcementAppreciationDay
1006688860708003840,FunkoE3
1005813597136670720,SundayReads
1007242505870544896,VAR
1005495509610573825,UAE
1005495509610573825,Palestine
1005950977613094912,AmericaFirst
1006992037336440832,LockThemAllUp
1006992037336440832,KeepAmericaGreat
1006317217028460546,Betonpolitics
801821264025362432,HDP
1005291409405108224,cLeaveLand
1006242958469890049,داعش
1006242958469890049,كردستان
1006242958469890049,شنكال
1006242958469890049,العراق
1006242958469890049,سنجار
1006434804982640640,TrumpKimSummit
1006434804982640640,MAGA
1006177001441517568,Slots
1006177001441517568,quickthinkmedia
997399098897649664,HentaiCommunity
1005895728382611456,SpyGate
1006042901133053952,32Red
1006938384709939202,RaminHosseinPanahi
1006427753464377344,TrumpKimsummit
1006427753464377344,MAGA
1006146027194408960,Shaddadi
1006642799838560256,Trump
1006619221114195968,Turk
1006718066628136962,Slots
1006718066628136962,quickthinkmedia
1006718288938852352,slot
1007265879237824512,NATO
1007265879237824512,Turkey
1007265879237824512,Russia
1006624311124418565,AfterDaesh
1007263686891884544,Casino
1007263686891884544,CasiniaBet
1007307867626594305,Refugees
1007307867626594305,INVASION
1006919980456251393,Comeon
1007295798084808704,Turkey
1007295798084808704,AKP
1006226961629249540,MondayMotivation
1006226961629249540,KeepAmericaGreat
1006270269483151360,SingaporeSummit
1006270269483151360,KeepAmericaGreat
1007007469414113281,CaneloGGG2
1007007469414113281,Canelo
1007007469414113281,GGG
1007007469414113281,Boxing
1007009604331626496,JoshuaWilder
1007009604331626496,Joshua
1007009604331626496,Wilder
1007550434087538688,Eid
1006766415993548801,DemLibs
1006766415993548801,NukelessSummit
1006766415993548801,RocketBoy
1006922858709307393,PKK
1006922858709307393,Germany
1006922858709307393,Berlin
1006923392627494917,pkk
1006923392627494917,legal
1007729724368605186,Bingo
1005630021996875776,Turkey
875019200288481280,Sick
1007880492836794368,SBOPrediction
862519910735294464,8DaysToJE
1007676854277373952,EidMubarak
1007947949811396609,Betonpolitics
1007318074406703104,NWO
1008087943121068032,CRONGA
1008087943121068032,CRO
1008087943121068032,NGA
1008087943121068032,WorldCup
1007272264235089920,888Sport
1006966905918377992,ShariaSlaves
1007123767997403136,NeverSubmit
1006530093949247488,TrumpKimsummit
1006457482733146112,Turkish
1006457482733146112,Syria
1007806773737197568,Casino
1007806773737197568,Affpower
1007241148438601728,PinnaclePredictor
1007241148438601728,WorldCup
1007241148438601728,Pinnacle20
1007266119076466688,PinnaclePredictor
1007266119076466688,RUS
1007266119076466688,KSA
1007341949643182080,IGReport
1007599466067701760,Comeon
1006754374343802880,TrumpTrain
1007322541353029632,VAR
1007540838082142208,DefendEuropa
1007809550391574528,32Red
1008298224556355585,WORLD
1008298224556355585,CUP
1007955671537672192,FRA
1007955671537672192,AUS
1007955671537672192,WorldCup
1007276764706549760,Casino
1007400951060164608,NATO
1007033690931818499,Turkmen
1007033690931818499,Erdogan
1007033690931818499,Afrin
1007080450303709185,Slots
1007080450303709185,quickthinkmedia
1006824855168278528,Demirtaş
1008165093144694784,slots
1008165093144694784,Video
1007635245334581249,REDFRIDAY
1007635245334581249,dog_lb
1007082509732057089,Casino
1007082509732057089,CasiniaBet
1007116849970966528,OperationBrokenHeart
1007329841946005504,ThingsNeverSaidInIndianaJones
1006610045742837760,RaminHosseinPanahi
1006591456973348865,RaminHosseinPanahi
1007491022941818880,Kurdish
1007491022941818880,Turkish
1006931294427623424,TrumpTrain
1006931294427623424,MAGA
1006931294427623424,KeepAmericaGreat
1007554961809526784,YPG
1007554961809526784,Turkish
1007554961809526784,Afrin
1007303222589992966,TrumpTrain
1007338764895752193,Netbet
1008314120951816192,888Sport
1008431406073221120,JazeeraStorm
1007279592749461504,IGReport
1007686023910834176,WarCrimes
1007686023910834176,Turkey
1007902400399773696,technocracy
1007189982942040064,Pakistan
1008453942257356800,Betbright
1007523831773319168,Turkish
1007523831773319168,government
1007523831773319168,fascism
1007290232616599552,RUSKSA
1007290232616599552,Worldcup
1008491763487604736,BREAKING
1008491763487604736,US
1007768081362403328,DefendEuropa
1007768081362403328,MAGA
1007865132712525825,WhiteGenocide
1007281696172007424,WorldCupRussia2018
1007419018712580097,bitcoin
1007419018712580097,wsop
1007918203803185153,FRA
1007918203803185153,AUS
1007293239920087041,Turkey
1007293239920087041,Erdogan
1007509112731635712,Nas
1007509112731635712,Nasir
1007509112731635712,REALHipHop
1006417173709897730,TrumpKimSummit
1006417173709897730,KeepAmericaGreat
1008294497267011584,BitChute
1007633681903751168,Pinnacle20
1007633681903751168,WorldCup
1007649800165187584,EidMubarak
1007649800165187584,BrooklynKids
1007649800165187584,Ramadan
1008262773485199360,ResistIsalm
1007371007819112448,IGReport
1007737691100725248,AKP
1007922483260002304,MMC
1007922483260002304,Turkey
1009135985333100545,tourism
1009135985333100545,travel
1009135985333100545,explore
1009135985333100545,Czechia
1007121639258054657,KeepAmericaGreat
1008131975587213312,ISIS
1008131975587213312,Syria
1007615624216969217,Ramadan
1008460296221003776,FathersDay
1007352462402031616,Suruç
1007779607217664000,Cristians
1007779607217664000,safe
1007779607217664000,Muslims
1007928295306997761,WORLD
1007928295306997761,CUP
1007926767372210176,SDF
1007959443244449797,Germany
1007959443244449797,Ramadan
1007383914363670528,IGReport
1007479664250621953,EidMubarek
1007479664250621953,BayramınızMübarekOlsun
1007432855654297600,Conservative
1007432855654297600,Conservatives
1007432855654297600,dog_lb
1008107183026917377,EverythingIsLove
1007382890731200514,IGReport
980019225128349698,Saddam
980019225128349698,ISIS
980019225128349698,Kurdish
1008281191466889216,altcoin
1008281191466889216,crypto
1007515172058095616,Kurdish
1007515172058095616,women
1007515172058095616,Turkish
1007515172058095616,hijab
1009390101095383040,Manbij
1008149231251611648,TrumpKimSummit
1008481830197235714,WorldCup
1008218711046610944,AnnyZemly
1008218711046610944,Boudoir
1008218711046610944,TeamErotic
1008218711046610944,TeamGoddess
1007989469235089409,LVBet
1007675963298205697,EidMubarak
1007675963298205697,EidAlFitr2018
1007717145675956224,Racing
1007717145675956224,Podcast
1008118567005454337,TWEETSTORM
1008118567005454337,LetsDoThis
1008118567005454337,TRUMPARMY
1008287709432045568,Qendil
1008287709432045568,graveyard
1008287709432045568,Kurdistan
1009161376487493632,KAG
1009519383268360192,outrageous
1009519383268360192,pollution
1007710727979712513,RyanMustGo
1007710727979712513,ImmigrationBill
1007710727979712513,KeepAmericaGreat
1009451117057597440,WorldCup
1009451117057597440,StopExecutionOfRamin
1009509423075807232,RaminHosseinPanahi
1007723462276702208,WorldCup
1007641425905963008,WORLD
1007641425905963008,CUP
1007641425905963008,PORTUGAL
1009124485193191424,Juneteenth
1008012580902899712,FreeThemAll
1007642892817575937,EU
1007642892817575937,NATO
1012414078386606081,DARE
1007644198324129793,Casino
1007644198324129793,Mybet
1008493569903091712,BREAKING
1009414043533099010,SelectiveOutrage
1007381296090419200,IGReport
1009439666431504386,WorldRefugeeDay2018
869835372494168064,WorldNoTobaccoDay
869584683356401664,JattuEngineerFunTalk
1012618781296766976,MerkeltheBlackWidow
1012343232288587776,JPNPOL
1012343232288587776,WorldCup
1009270077340946433,Juneteenth
1009270077340946433,CaptureTheFlag
1012687412697460736,Bingo
1012687412697460736,Lookbingo
1007999267246665729,ERDOGAN
1007999267246665729,PUTSCH
1007999267246665729,Facebook
1008499555334328320,WorldCup
1009461183387197442,Casino
1009461183387197442,Affpower
1008001488243904512,WorldCup
1008001488243904512,PERDEN
1008001488243904512,PER
1008001488243904512,DEN
1009508874603433984,ShariaTwitter
976045243320750080,Turkey
1008365222833328130,Turkey
1008365222833328130,Eid
1008506194925883392,bitcoin
1008506194925883392,wsop
1012797628021723136,WW2
1007685033363103744,GRAPHIC
1007685033363103744,NATO
1009474859297136651,TaxReform
1009347651987558400,ASCOT
1008382565173026816,ExtremeVetting
1009471530768609281,URUKSA
1009471530768609281,Worldcup
1013039678830923776,PKK
1013039678830923776,Syria
1009298049020186624,StopExecutionOfRamin
1009298049020186624,RaminHosseinPanahi
1009301307214135296,Iran
1009461815540142081,KeepFamiliesTogether
1009536261483196416,KeepFamiliesTogetherAct
1012698673707270144,PoliticalBias
1012777137001070592,Turkey
1012777137001070592,US
1012777137001070592,MMC
1009474710025965571,HDP
1009474710025965571,Amed
1009474710025965571,TwitterKurds
1012702570899374081,jumuah
1012702570899374081,JumuahReminder
1006565563945058304,RaminHosseinPanahi
1009196887726002177,Golf
1009196887726002177,Podcast
1009224820637229057,Qatar
1009262327257092096,Casino
980889795143569408,BreakSilenceOnAfrin
980891606873239554,Portuguese
980891606873239554,Turkish
980891606873239554,Afrin
1009357800848478208,WorldCup
976348376362045440,Afrin
1009182952448839682,chp
1009182952448839682,pkk
1009265603004239872,Geraldo
1009265603004239872,MSM
1009578720666050571,KeepFamiliesTogether
1009481455305707520,WorldRefugeeDay
1009547856150228997,Amed
1009547856150228997,HDPrally
1009421241046978560,fifa
1009421241046978560,promotion
1013034046136479746,Afrin
1009209516758654976,Casino
1009209516758654976,Betathome
1008735648457486339,KeepAmericaGreat
1009190756249227266,IllegalImmigration
1009404511272632320,USA
1001517683370848258,Erdogan
1012714748583010305,FF
1009181354469179392,KAG
1009482122074230784,RaminHosseinPanahi
1013124807263735809,Comeon
1009428803448463360,RaminHosseinPanahi
1009428803448463360,WorldCup
1012410316230029313,Democrat
1013125046355648512,URUPOR
1013125046355648512,ConquistaOSonho
1013125046355648512,ElEquipoQueNosUne
1013125046355648512,WorldCup
1012385326839418880,KAG
1009493102061498369,WorldCup
25712847277,settlementsrock
1013143549934620672,WalkAway
1013061452339478529,Casino
1013061452339478529,Affpower
1013130058565804032,URUPOR
1013130058565804032,ConquistaOSonho
1013130058565804032,ElEquipoQueNosUne
1013130058565804032,WorldCup
1012425335739052032,AmericaFirst
1012425335739052032,MAGA
1009140276110086144,AmericaFirst
1009140276110086144,MAGA
1009140276110086144,KAG
1012666583767027712,Betonline
1013132373821542401,ISRAEL
1009510009837780992,KeepAmericaGreat
1009471167684665344,Amen
1012724653918474242,Schächten
1012724653918474242,Tierschutz
1012724653918474242,Schächtverbot
1012724653918474242,Halal
1012594923244343296,Kashmir
1009435967244111874,slots
1009435967244111874,Video
1012378883881160710,WORLD
1012378883881160710,CUP
1009502255811215360,AmericaFirst
539313014650839041,LoveRubSe
1009491180927770625,twitterkurds
1009491180927770625,turkey
1012820808308273152,casino
1012330191463567361,Afrin
1012330191463567361,syria
1012330191463567361,Turkey
1012330191463567361,EU
1013033611455619072,Afrin
1012659392204992512,Hasakah
1009443298879135745,WORLD
1009443298879135745,CUP
1009443298879135745,FOOTBALL
1009443298879135745,SPORT
1009443298879135745,BETTING
1012713863467290624,FF
896810229362446336,Charlottesville
1013226678540259329,slots
1013150475833634817,URUPOR
1013152850392694786,SBOBETWorldCupChallenge
1012849327625129984,KnicksFamily
897852913699012608,MSG9बर9Day7
897899124623785984,MSG9बर9Day7
1013080557373321217,Fra
1013080557373321217,Arg
1013080557373321217,WorldCup
1012039892824739841,Priceless
1012039892824739841,MAGA
1012807057722966017,PaulHeymanGuy
1012701114951700480,ISIS
1013238523267354629,slots
1013238523267354629,Video
1012745048503541760,MakeKnicksGreatAgain
1012806459053215744,NewYork
1013285261906665478,KAG
1012731131500908544,SarahSanders
1012731131500908544,POTUS45
1013287424628228096,Casino
1013287424628228096,Affpower
1009563647868219392,WhiteGenocide
1009563647868219392,DefendEuropa
1013169917032632322,Comeon
1013172064394637314,woman
1013172064394637314,Kurdistan
1013172064394637314,Bashur
