id,original_tweet_id,retweeted_date,author_id,original_author_id,screen_name,original_screen_name
991691636999708672,991102360733745157,2018-05-02 14:51:25,755390902064078848,2323137780,medoviytort,HaberRisale
991692102588403713,991314489885839360,2018-05-02 14:53:16,825016420803235841,869193235918454786,tmmsantos,offensivemem3s_
991692241004527618,991433704575852544,2018-05-02 14:53:49,634806413,847735496633536512,donach69,KurdsCampaign
991692803041316865,991617533194227712,2018-05-02 14:56:03,911604369551917061,487834443,Safi92834616,HasanCucuk
991697685215432704,991664937457070080,2018-05-02 15:15:27,761666619617714176,311118058,Kemalnen1,Murat_Macit58
991700180813656065,991476607251460096,2018-05-02 15:25:22,562879928,738153522277945344,broll1820,dawg_lb
991701745293254656,991558444195991552,2018-05-02 15:31:35,981737728273534976,871909680452444161,arturov95978783,HenyolG
991703028767051777,991553694788476928,2018-05-02 15:36:41,597769317,2294131202,GelBahar1,gulecyuzk
991704324773433345,991703421207154688,2018-05-02 15:41:50,897619242,2481491973,PinnacleSports,cappedallday
991704819696975872,991640533771534337,2018-05-02 15:43:48,783003310219464704,3438438843,yeni_umitler,DanishMan06
991705788602310656,991557250656407552,2018-05-02 15:47:39,945534542424756226,3685392135,DaxAdami,bahardemir132
991705826359377922,991431912953733121,2018-05-02 15:47:48,412463058,526110917,HamzaAvci3,mehmetcheliklv
991706363205210112,991705917476474881,2018-05-02 15:49:56,971604575701565441,954124423,mamareshell1,AmyMek
991706438723686403,991705917476474881,2018-05-02 15:50:14,313246922,954124423,shashi0828,AmyMek
991707197867356160,991704664403046400,2018-05-02 15:53:15,832441166058500096,954124423,HyHeLi123,AmyMek
991708695242342402,991689003408740352,2018-05-02 15:59:12,929420084682067969,487834443,DizaynDilan,HasanCucuk
991709156645236736,991698032214396928,2018-05-02 16:01:02,2385672272,248829087,AsumanAntepli,ahamitbilici
991709328611725312,991708914029940736,2018-05-02 16:01:43,761337419392290816,326003773,Khalid80872414,osimsek_herkul
991710188418813954,991708914029940736,2018-05-02 16:05:08,849368218326138880,326003773,Rnsnrn111,osimsek_herkul
991711677384142853,991707064283156480,2018-05-02 16:11:03,1017662618,954124423,Im1sparrow,AmyMek
991712457528836097,991683366671052801,2018-05-02 16:14:09,597769317,812656050960732161,GelBahar1,klmznnnnn
991713061542211584,991150407463374848,2018-05-02 16:16:33,825682538416971778,2252893931,_NecdetG,NecdatG
991713594202099713,968061890344693760,2018-05-02 16:18:40,982669803444940800,833263613276200962,ch_hassansaeed1,__HijabKhan
991714164619071488,990386281288028160,2018-05-02 16:20:56,4866566489,18118505,Gil00006,barenakedislam
991714667960643584,991704664403046400,2018-05-02 16:22:56,932250638439854080,954124423,infidelchloe,AmyMek
991716295333830658,991570087474745344,2018-05-02 16:29:24,831869357240221697,4764985268,mubariz_halilov,aklingozu
991716442113527808,991644298209906688,2018-05-02 16:29:59,828288871075086336,813914393788481540,TRUMPLICAN_2017,Nature_and_Race
991720997140099072,982702283459788800,2018-05-02 16:48:05,426409144,869193235918454786,frdaushsbullah_,offensivemem3s_
991722930718564352,991704664403046400,2018-05-02 16:55:46,227778796,954124423,packer812,AmyMek
991724457445265408,991708914029940736,2018-05-02 17:01:50,924171577,326003773,balci_meryem,osimsek_herkul
991724507772710915,991314489885839360,2018-05-02 17:02:02,2959431927,869193235918454786,poetnocrlh,offensivemem3s_
991725808006893569,991708914029940736,2018-05-02 17:07:12,937391743678517249,326003773,nazimkarayel19,osimsek_herkul
991726030296580096,991724707799076865,2018-05-02 17:08:05,905403389466509313,92460378,AyeOzturk14,yagizefe
991726575560388610,991708914029940736,2018-05-02 17:10:15,2243345659,326003773,al9ebraist,osimsek_herkul
991727229876006915,991693417624334342,2018-05-02 17:12:51,954229325892608000,49946953,ToneDeWolf1,Hevallo
991728043566780418,991358988536119296,2018-05-02 17:16:05,982701088372592642,478170193,KayaHeya,ismailcingoz1
991728060369121280,991719202208690177,2018-05-02 17:16:09,314024921,2596413645,SalomnM,carrieksada
991728303613661184,991727699344244736,2018-05-02 17:17:07,26900055,2596413645,DrMartyFox,carrieksada
991729071162822656,991719202208690177,2018-05-02 17:20:10,1398840546,2596413645,john_abrahamson,carrieksada
991729150879830016,991704664403046400,2018-05-02 17:20:29,948731155033067521,954124423,Price7Y,AmyMek
991730279135039489,988146901173329921,2018-05-02 17:24:58,837041296544002052,3089497123,HuseyinU042,htmmbtr
991731659073642496,991725587860459520,2018-05-02 17:30:27,2610615528,23074563,DewreshEvdi,cfpierce
991731726169853958,991689003408740352,2018-05-02 17:30:43,2360103751,487834443,emticons,HasanCucuk
991732669879734272,991617533194227712,2018-05-02 17:34:28,860893303360954368,487834443,yogarkadas,HasanCucuk
991732879590854656,991710689717817346,2018-05-02 17:35:18,175032813,954124423,dcariello1,AmyMek
991734129501921280,991732943654703104,2018-05-02 17:40:16,29547555,954124423,JourneysNonnie,AmyMek
991734829963100160,991727699344244736,2018-05-02 17:43:03,261749735,2596413645,steph93065,carrieksada
991735995967180802,991617533194227712,2018-05-02 17:47:41,886837772123811840,487834443,tougherrr,HasanCucuk
991736092452900864,991727699344244736,2018-05-02 17:48:04,2337543318,2596413645,GoekeRay,carrieksada
991736532859056128,991708914029940736,2018-05-02 17:49:49,829476518,326003773,AskSehbal,osimsek_herkul
991737946326818816,991719202208690177,2018-05-02 17:55:26,4311982647,2596413645,Clayconboy1,carrieksada
991740194482278400,991737676507250693,2018-05-02 18:04:22,987752531009916929,1728451099,MarNolla1,KurdisCat
991740882322968577,991739789404721152,2018-05-02 18:07:06,3072592149,849833645611372545,vahiddin,RisaleiNurSec
991742723626622976,991370923524673536,2018-05-02 18:14:25,915820505336356865,67813133,posy_merry,AfrinsNotAlone
991743516375216128,991314489885839360,2018-05-02 18:17:34,4126032687,869193235918454786,fienvcr,offensivemem3s_
991744560735948800,868018699617406976,2018-05-02 18:21:43,2653220806,4764985268,GorkemAmca,aklingozu
991744665606086656,991742425734569985,2018-05-02 18:22:08,2542939533,869193235918454786,PereirHugo,offensivemem3s_
991744778856484865,991710184492978177,2018-05-02 18:22:35,3687318741,897768084714508289,RymarUA,praviy_sector
991745441535586304,991649284859879424,2018-05-02 18:25:13,769134990701502464,248829087,RamizKaraeski61,ahamitbilici
991745923913953280,991732943654703104,2018-05-02 18:27:08,757637664,954124423,nikkudix,AmyMek
991746213308346368,991743899788967936,2018-05-02 18:28:17,738153522277945344,823571457649184768,dawg_lb,CodeOfPatriots
991746641127452672,991698547769774080,2018-05-02 18:29:59,780521650852884480,214544700,zlatnililjan387,bkenes
991747345778991106,991663540900687873,2018-05-02 18:32:47,581307829,287843201,JamesTBrudenell,PoliticalIslam
991747475768860674,991742389214765057,2018-05-02 18:33:18,2344991118,869193235918454786,ContinuedStory0,offensivemem3s_
991747886823043072,991708914029940736,2018-05-02 18:34:56,771918082034065410,326003773,D3li_Dumrul,osimsek_herkul
991748008457875456,991747353467146243,2018-05-02 18:35:25,738153522277945344,867947619661881344,dawg_lb,SiddonsDan
991749417760903171,991742389214765057,2018-05-02 18:41:01,3395666355,869193235918454786,___tigas___,offensivemem3s_
991749547776004097,737710858709540865,2018-05-02 18:41:32,51712399,4764985268,nihatyavuz,aklingozu
991750579553783808,991742425734569985,2018-05-02 18:45:38,2296768525,869193235918454786,vedenpaisumus,offensivemem3s_
991750608951660545,991715413179424768,2018-05-02 18:45:45,822423903112929280,829213809306918912,sabircaglayani,Selcuk_Atak_
991750856415563777,991722327904677888,2018-05-02 18:46:44,317284206,2596413645,marylene58,carrieksada
991751854630449152,991751532424060929,2018-05-02 18:50:42,193357080,738153522277945344,MyCrashIs,dawg_lb
991752399915233281,985080449755119617,2018-05-02 18:52:52,2365720046,869193235918454786,tatianapeixoto_,offensivemem3s_
991753016477876224,991727699344244736,2018-05-02 18:55:19,937134500852645888,2596413645,nomo601,carrieksada
991753175840509952,991732007859310592,2018-05-02 18:55:57,2181065932,92460378,himikchi,yagizefe
991753184241700865,991739207629594626,2018-05-02 18:55:59,865653764870381568,2510092890,ezizekanim,hilalnesin
991753523971977218,991704664403046400,2018-05-02 18:57:20,50258410,954124423,rjarena,AmyMek
991753813362073600,991751532424060929,2018-05-02 18:58:29,986830047599144960,738153522277945344,Tstephen16,dawg_lb
991753842743304195,987264804187451392,2018-05-02 18:58:36,963497411229442049,487834443,Bahtiyarmuhacir,HasanCucuk
991754908104888321,988042668612694019,2018-05-02 19:02:50,751911896,869193235918454786,m_cabanas10,offensivemem3s_
991755344283164672,991724707799076865,2018-05-02 19:04:34,775894632697892864,92460378,muhsinselim,yagizefe
991755512092987392,991755157447888896,2018-05-02 19:05:14,67813133,719153440107204608,AfrinsNotAlone,KurdistanAu
991756346730086405,991241865297997824,2018-05-02 19:08:33,2365742752,108524355,xabamez,mutludc
991757026203074562,991752334626586624,2018-05-02 19:11:15,913083595727683584,2596413645,MikeVisevok,carrieksada
991758548760702976,991603649540427776,2018-05-02 19:17:18,870200407,22153676,haut_drauf,lawyerberlin
991760008357531648,991748634130731009,2018-05-02 19:23:06,870200407,916205628363862016,haut_drauf,Gut_menschkind
991760692054282240,991717019887329280,2018-05-02 19:25:49,286812557,954124423,SteveGrubb01,AmyMek
991760801097641984,991669454823141376,2018-05-02 19:26:15,738153522277945344,25073877,dawg_lb,realDonaldTrump
991762071980314624,991617533194227712,2018-05-02 19:31:18,956610243940831233,487834443,pelekut,HasanCucuk
991762835347820550,991759556983316482,2018-05-02 19:34:20,840649543561682946,526110917,MFATA79,mehmetcheliklv
991763573541081088,991431269513756672,2018-05-02 19:37:16,943924685259067392,302111485,miyamoto_katana,Enes_Kanter
991765054134669312,991751532424060929,2018-05-02 19:43:09,3344944154,738153522277945344,Craybo23,dawg_lb
991765066696482816,991717019887329280,2018-05-02 19:43:12,2227319840,954124423,ZZdmarie8765,AmyMek
991765188322910208,991013394315608064,2018-05-02 19:43:41,828115979758661632,455830743,AlbertJitka,davidzuellig
991765628745904128,991686117186469889,2018-05-02 19:45:26,940033190701367296,92460378,Hatices45483547,yagizefe
991766266267492353,847219249106112517,2018-05-02 19:47:58,90064632,4764985268,desprite,aklingozu
991766614390530048,991766516315115522,2018-05-02 19:49:21,2892418731,869193235918454786,_neves23_,offensivemem3s_
991767721678393347,991766516315115522,2018-05-02 19:53:45,954662401412124677,869193235918454786,rubeeeen2808,offensivemem3s_
991768187267100673,991766516315115522,2018-05-02 19:55:36,3575833755,869193235918454786,excelentememe,offensivemem3s_
991768304703426560,991450765154807808,2018-05-02 19:56:04,978254138470535168,740683594633355265,Robery43830805,CahitArifoglu
991768464070193158,991726590445826048,2018-05-02 19:56:42,919622839556337664,702303494053634049,0DGMETHHAZE666,STAR
991770078885679104,982999654202859520,2018-05-02 20:03:07,987394916719431680,980116740972695552,XF0h8otFob1dczT,3alamsks
991771555297296384,990631636868923400,2018-05-02 20:08:59,828115979758661632,455830743,AlbertJitka,davidzuellig
991772138297266176,991752334626586624,2018-05-02 20:11:18,933527721224916993,2596413645,Eileen15853174,carrieksada
991772331243720709,991582107196633090,2018-05-02 20:12:04,397610007,1142312972,alvarogserrano,german21168
991774722005270528,991719202208690177,2018-05-02 20:21:34,49384107,2596413645,mdt299,carrieksada
991774986233839616,991766516315115522,2018-05-02 20:22:37,416188366,869193235918454786,cgvrridx,offensivemem3s_
991776248711000064,991719202208690177,2018-05-02 20:27:38,1370971824,2596413645,GaetaSusan,carrieksada
991776328390184960,991314489885839360,2018-05-02 20:27:57,761709748614037504,869193235918454786,Branco_DG,offensivemem3s_
991776735254413312,991742425734569985,2018-05-02 20:29:34,900259563907272704,869193235918454786,covando97,offensivemem3s_
991776903026675712,991742389214765057,2018-05-02 20:30:14,1641619117,869193235918454786,danielca92,offensivemem3s_
991778127759183873,991758497443405826,2018-05-02 20:35:06,754020787141668864,1142312972,scarRod66887011,german21168
991778371016232961,991588605998043136,2018-05-02 20:36:04,990276638997991424,1142312972,JGC13657439,german21168
991779558025084928,987417286679121925,2018-05-02 20:40:47,204176679,869193235918454786,ThePoliticalHat,offensivemem3s_
991779914549514240,991747918095880193,2018-05-02 20:42:12,755180885411033088,4764985268,DarbeliMatkap23,aklingozu
991780044560388097,991742389214765057,2018-05-02 20:42:43,595205792,869193235918454786,Senhorjhonn,offensivemem3s_
991780883404386305,991742389214765057,2018-05-02 20:46:03,2941410280,869193235918454786,J21Emanuel,offensivemem3s_
991780963104493569,991766516315115522,2018-05-02 20:46:22,4118915187,869193235918454786,lucastf1106,offensivemem3s_
991781499971104768,991751532424060929,2018-05-02 20:48:30,826104850194653186,738153522277945344,Jillibean557,dawg_lb
991781575477129217,991758497443405826,2018-05-02 20:48:48,4635369677,1142312972,Alvez201262,german21168
991781764216639488,991751532424060929,2018-05-02 20:49:33,830216254208278528,738153522277945344,realJLG20,dawg_lb
991782095562342404,991582107196633090,2018-05-02 20:50:52,978145274,1142312972,jopame_,german21168
991782754072358913,991732943654703104,2018-05-02 20:53:29,51712493,954124423,rafaelpcastro,AmyMek
991783337088962562,739904334079643653,2018-05-02 20:55:48,2605915581,4764985268,gibilerle,aklingozu
991783928502669312,991747130967588865,2018-05-02 20:58:09,2967680506,4764985268,duyumcu35,aklingozu
991783999797374976,991742389214765057,2018-05-02 20:58:26,851212839691976704,869193235918454786,philalethes_,offensivemem3s_
991784163375280128,991770495614939137,2018-05-02 20:59:05,776180524754800641,346612013,ozguremre34343,Ozcan_Keles
991784435988213760,991782224331714561,2018-05-02 21:00:10,924061988564684800,812294692809408512,baranvey34,Serhed_u
991784515680047104,991701817460494336,2018-05-02 21:00:29,2898341650,420629175,Esofmali_sevket,kamilmamann
991785035773640705,991766516315115522,2018-05-02 21:02:33,3013136483,869193235918454786,rui_murca6,offensivemem3s_
991785744623685632,991785562158895106,2018-05-02 21:05:22,919622839556337664,26538229,0DGMETHHAZE666,federalreserve
991786147255812096,991766516315115522,2018-05-02 21:06:58,3128894447,869193235918454786,beamanuel03,offensivemem3s_
991786432501960704,991690248399794176,2018-05-02 21:08:06,745980963411267587,25073877,RITE2WIN,realDonaldTrump
991786952595820550,991658119699759104,2018-05-02 21:10:10,214544700,932305909400907776,bkenes,yusufcaglayn
991787883706093568,991664937457070080,2018-05-02 21:13:52,384428299,311118058,radyomehtap,Murat_Macit58
991788118612164609,991704664403046400,2018-05-02 21:14:48,364610603,954124423,LarryS500,AmyMek
991789037148045312,991705006473662464,2018-05-02 21:18:27,1648905578,934091456981209088,kod_dna,MechulYarbay1
991789687265267712,986287511927443457,2018-05-02 21:21:02,97885429,869193235918454786,lumiyer8,offensivemem3s_
991790538717351937,991775888290340865,2018-05-02 21:24:25,2946167092,3298302672,ErbilTurabi,Bircano_Yildiz
991790685492793344,991790291114917890,2018-05-02 21:25:00,745320470891880449,869193235918454786,JuaumDjinartxi,offensivemem3s_
991791809578848258,991791572265193473,2018-05-02 21:29:28,2492460663,18118505,Jack_promotions,barenakedislam
991792828786397184,991708914029940736,2018-05-02 21:33:31,997894658,326003773,nasninsan,osimsek_herkul
991792971422027776,991790291114917890,2018-05-02 21:34:05,2428742198,869193235918454786,beaf2000,offensivemem3s_
991792983996620802,989537339516047361,2018-05-02 21:34:08,978655495580999682,869193235918454786,Leobruh_11,offensivemem3s_
991794540062412800,991370480962691072,2018-05-02 21:40:19,833070269119991812,311118058,DiggerHaHa,Murat_Macit58
991794577836331009,991789265989324800,2018-05-02 21:40:28,979785891060305920,285994737,YDunyaAldanma,aliHaslan
991795920000962560,991758497443405826,2018-05-02 21:45:48,339281879,1142312972,elenay29,german21168
991795978721284102,991773192611090433,2018-05-02 21:46:02,968014402552238080,4764985268,okanozgur76,aklingozu
991796305889517568,991790291114917890,2018-05-02 21:47:20,3089898207,869193235918454786,heypitti,offensivemem3s_
991796901472296960,991796880404369409,2018-05-02 21:49:42,4764985268,4764985268,aklingozu,aklingozu
991797551580954624,991719202208690177,2018-05-02 21:52:17,610341256,2596413645,LanaAshford1,carrieksada
991797866166345728,988874737672744962,2018-05-02 21:53:32,908650936167526400,869193235918454786,upgradexkid,offensivemem3s_
991799229298376705,991704664403046400,2018-05-02 21:58:57,817214594024239104,954124423,TJStevens13,AmyMek
991800437274742790,991797923322134528,2018-05-02 22:03:45,1569194448,4764985268,646cetin,aklingozu
991803096446767104,991789368913416192,2018-05-02 22:14:19,788083245158174720,214544700,omeryavuzer32,bkenes
991803171940036608,991617533194227712,2018-05-02 22:14:37,2889867227,487834443,MenderesEzdegec,HasanCucuk
991803524282494981,991802799628476416,2018-05-02 22:16:01,526110917,962800985180721152,mehmetcheliklv,EskiMektepli
991804467988312064,991582107196633090,2018-05-02 22:19:46,1418050602,1142312972,Castilla_JL,german21168
991804929374408704,991597941289881600,2018-05-02 22:21:36,1575521048,487834443,Eagle_NL34,HasanCucuk
991805000681570304,991804155122536449,2018-05-02 22:21:53,725064846056640512,2596413645,ReneeCarrollAZ,carrieksada
991805675931136000,991704664403046400,2018-05-02 22:24:34,3319254798,954124423,NoSurrender357,AmyMek
991806690952728576,991806419862212608,2018-05-02 22:28:36,878352770985807873,243726128,ChienTranquille,RespublicaQc
991808670701932544,991730160763207680,2018-05-02 22:36:28,983491215860494336,92460378,dusunmekisticem,yagizefe
991808775525986306,991790291114917890,2018-05-02 22:36:53,753029601610330117,869193235918454786,O__Quaralho,offensivemem3s_
991809169811427328,989172931182784512,2018-05-02 22:38:27,3197717401,1889899296,twelve_gallows,hitoji_adolf
991809358555172864,991314587461939200,2018-05-02 22:39:12,2960532245,869193235918454786,Iuri_Teques,offensivemem3s_
991809715079434242,991742389214765057,2018-05-02 22:40:37,3226948667,869193235918454786,andg_FF,offensivemem3s_
991809874437685248,991742389214765057,2018-05-02 22:41:15,714280902,869193235918454786,farionsg,offensivemem3s_
991810717501313025,991634554250199043,2018-05-02 22:44:36,940163692854960128,487834443,askusevk,HasanCucuk
991810860103413761,991617533194227712,2018-05-02 22:45:10,3092806925,487834443,sinan19871987,HasanCucuk
991810868504559617,991669134734823429,2018-05-02 22:45:12,1731656120,224609329,sadik_korkmaz,hdpdemirtas
991811313084100608,991595052957929473,2018-05-02 22:46:58,2237851962,282055947,fulminax,anfenglish
991811795429052416,991742389214765057,2018-05-02 22:48:53,2962172531,869193235918454786,Iago_Madridd,offensivemem3s_
991811975779835904,990917102566600704,2018-05-02 22:49:36,946127206509527040,869193235918454786,YOLENCIAGA,offensivemem3s_
991812214876028928,991479768993402881,2018-05-02 22:50:33,494829052,22703645,ChrisSavage17,TuckerCarlson
991812726556110848,991314489885839360,2018-05-02 22:52:35,4847820765,869193235918454786,maroosca,offensivemem3s_
991813791926104064,991724707799076865,2018-05-02 22:56:49,2200055569,92460378,Immortals07,yagizefe
991814119073476608,991735673437605888,2018-05-02 22:58:07,724984265994285056,872403805148553216,inspiringsufi,SunaVarol_
991816123946545153,991704664403046400,2018-05-02 23:06:05,605731629,954124423,KathieSmith6,AmyMek
991816669239574528,991431284571467776,2018-05-02 23:08:15,970812182,248829087,Hayrgl,ahamitbilici
991818044971286529,991816833681575936,2018-05-02 23:13:43,2983714610,4764985268,Zevk_Tanrisi,aklingozu
991818304993013760,991773059492253702,2018-05-02 23:14:45,762410408867012608,723206253296640000,sandysanmo,sakirtmen57
991819605214720000,991708914029940736,2018-05-02 23:19:55,885109490512801792,326003773,Abdulfettah1985,osimsek_herkul
991819848505286656,991750218612985856,2018-05-02 23:20:53,1696233198,1728451099,RosaBenetDomngu,KurdisCat
991820586702618624,991708914029940736,2018-05-02 23:23:49,2722337933,326003773,ibrahim_turmus,osimsek_herkul
991820980971540482,991314587461939200,2018-05-02 23:25:23,2597206393,869193235918454786,fininho911,offensivemem3s_
991825011701944323,991802695890735104,2018-05-02 23:41:24,4852463193,248829087,mevllutsakin,ahamitbilici
991828505557057536,991742389214765057,2018-05-02 23:55:17,3244598766,869193235918454786,tagulFN,offensivemem3s_
991831152167022592,991617533194227712,2018-05-03 00:05:48,1178028691,487834443,yshrovnc,HasanCucuk
991831810639302656,991742425734569985,2018-05-03 00:08:25,3323960308,869193235918454786,castel_alejo,offensivemem3s_
991834448877576192,991314489885839360,2018-05-03 00:18:54,2868857680,869193235918454786,goncalo00leao,offensivemem3s_
991834696354091014,991802695890735104,2018-05-03 00:19:53,1100079385,248829087,necipk06,ahamitbilici
991837250664181760,991644924973125633,2018-05-03 00:30:02,2400684383,1480212992,AygnBahri,EnDegerliBilgi
991837493946470401,991299358388781056,2018-05-03 00:31:00,863105632576180228,956988729402560513,alekosraptis,KinoGabriel1
991840719349297153,991699853523718147,2018-05-03 00:43:49,92460378,15738333,yagizefe,AlonBenMeir
991840983619850240,991433449704747008,2018-05-03 00:44:52,817578873856659457,847735496633536512,JackInStalk,KurdsCampaign
991841591789678592,991810393034158080,2018-05-03 00:47:17,931706188588339212,214544700,hainavcisi86,bkenes
991842363533242368,991128687805370370,2018-05-03 00:50:21,959114422349369345,958807578133389318,JuanMen74313985,guevovenezolano
991842405467934725,991701817460494336,2018-05-03 00:50:31,914008442364248065,420629175,livingattached,kamilmamann
991843932215504896,991704664403046400,2018-05-03 00:56:35,829833949711052805,954124423,MariannMason2,AmyMek
991844288731516929,991723805092478976,2018-05-03 00:58:00,919622839556337664,704391334128394240,0DGMETHHAZE666,conservmillen
991853151295868930,991852604115357696,2018-05-03 01:33:13,2177097448,327610738,Grizzly_AdamsSC,savagebeast0123
991853948184268800,991719202208690177,2018-05-03 01:36:23,360308302,2596413645,captrgutz,carrieksada
991853973370847233,991853539570868224,2018-05-03 01:36:29,2596413645,591505507,carrieksada,michaelbeatty3
991857081320853504,991843945968644097,2018-05-03 01:48:50,932891839312654336,326003773,marcavarbasten,osimsek_herkul
991860625512062976,991719202208690177,2018-05-03 02:02:55,1374607968,2596413645,redcat0827,carrieksada
991863129544966145,991704664403046400,2018-05-03 02:12:52,874808244379766784,954124423,Hindray1,AmyMek
991865792919625728,991704664403046400,2018-05-03 02:23:27,490794413,954124423,Luv2paint53,AmyMek
991866812135550976,991719202208690177,2018-05-03 02:27:30,775432673439338497,2596413645,KickinBrass1,carrieksada
991867323840679937,991791572265193473,2018-05-03 02:29:32,903386195207626752,18118505,asifageeafuq,barenakedislam
991868837963251712,991561969470787584,2018-05-03 02:35:33,818376740053495808,843124666931822592,gencecikihtiyar,CaglayanDergisi
991872356975984641,991704664403046400,2018-05-03 02:49:32,556246733,954124423,MaryShew,AmyMek
991872503805968385,990439126540390400,2018-05-03 02:50:07,754894004328787968,954124423,d_fucile,AmyMek
991874055685918723,991752334626586624,2018-05-03 02:56:17,3762456856,2596413645,livesimply1971,carrieksada
991876144436625408,991704664403046400,2018-05-03 03:04:35,1690876802,954124423,AndreaHazenHome,AmyMek
991876530321084416,985349652831768576,2018-05-03 03:06:07,547524046,869193235918454786,ReddySanjayya,offensivemem3s_
991876568090796032,991875009604812800,2018-05-03 03:06:16,2173508552,897619242,BetFastcom,PinnacleSports
991879160153952256,991724707799076865,2018-05-03 03:16:34,2525078319,92460378,coba_emi,yagizefe
991880133224157184,991724707799076865,2018-05-03 03:20:26,760544961246801921,92460378,jenniferwhite_9,yagizefe
991884721817780226,991596953149628417,2018-05-03 03:38:40,241659517,963106200,eroldonat,kuheylan_gibi
991887225804615681,991843945968644097,2018-05-03 03:48:37,857317944669466624,326003773,buterfly_can,osimsek_herkul
991887951427653632,991790291114917890,2018-05-03 03:51:30,2879420413,869193235918454786,SurgeKappa,offensivemem3s_
991891348822212609,991491355573653509,2018-05-03 04:05:00,724984265994285056,898224650177662977,inspiringsufi,CANBERK_dr
991892439328636928,991808952030711808,2018-05-03 04:09:20,1142312972,440336544,german21168,manuperez2002
991894410626400257,991781703248117761,2018-05-03 04:17:10,580829419,18118505,F22vSu57,barenakedislam
991895018800529408,991844747386937344,2018-05-03 04:19:35,738153522277945344,31270875,dawg_lb,Mar714
991895052384432128,991751495484919808,2018-05-03 04:19:43,855412122469183488,98996662,DOnderzoeker,LordMolyneaux
991895492782014465,991692353235836928,2018-05-03 04:21:28,3439451811,972018874014224384,delAlcazar88,lectus399
991896298096943104,991896243461910528,2018-05-03 04:24:40,526110917,2897665331,mehmetcheliklv,csagir2015
991905965963440128,991758497443405826,2018-05-03 05:03:05,944241782501597185,1142312972,briguieuropa,german21168
991909820528779265,991735077385199616,2018-05-03 05:18:24,767854763211886593,92460378,lu_murt,yagizefe
991910386730401797,991773059492253702,2018-05-03 05:20:39,894945255329497088,723206253296640000,veronikaisotalo,sakirtmen57
991911921883398145,991660402244108289,2018-05-03 05:26:45,811487629732519936,287843201,RealistCentral,PoliticalIslam
991912022542503936,991704664403046400,2018-05-03 05:27:09,829206914496094209,954124423,Diamond_Girl00,AmyMek
991913964484399104,991747130967588865,2018-05-03 05:34:52,2565653759,4764985268,tameraslanli9,aklingozu
991915981948645376,991790291114917890,2018-05-03 05:42:53,837856498835283970,869193235918454786,luisgrv12,offensivemem3s_
991917898733010944,991314489885839360,2018-05-03 05:50:30,599782570,869193235918454786,MQamarulA,offensivemem3s_
991918221707173888,991766893638946822,2018-05-03 05:51:47,1137779952,280921458,halislevent,ErtugrulGunay
991918636926414848,991708914029940736,2018-05-03 05:53:26,180131554,326003773,sxh_math,osimsek_herkul
991919370933686274,984469208888045568,2018-05-03 05:56:21,980747573077135360,2695922588,KerwinEastwood,ssqguqgtsau4
991920180442927105,991902246777405440,2018-05-03 05:59:34,829611235,1142312972,GlaurungM,german21168
991929542133633024,991790291114917890,2018-05-03 06:36:46,701124281909039104,869193235918454786,xicorp12,offensivemem3s_
991933514135228416,991427426080186371,2018-05-03 06:52:33,2220991686,829213809306918912,Nefs_iEmmare,Selcuk_Atak_
991933895808552960,991758497443405826,2018-05-03 06:54:04,224649124,1142312972,albufa,german21168
991934831171919872,991926903324971008,2018-05-03 06:57:47,2835313900,390822157,ResadSorgul,OzgurrGundem
991937658115981312,991805481206284290,2018-05-03 07:09:01,214544700,991369146976931840,bkenes,Esmauludag_
991938874447364096,991816833681575936,2018-05-03 07:13:51,916999946393579520,4764985268,bilim_us,aklingozu
991939503618166784,991734553692852224,2018-05-03 07:16:21,956600081804922880,728316429121036290,bijiefrin,fuatkav2
991939872708587521,991795822676316166,2018-05-03 07:17:49,551204851,92460378,seckin_serhat,yagizefe
991941105838186496,991636514542145537,2018-05-03 07:22:43,2665063013,3089497123,Zynlakdemir,htmmbtr
991941948897353729,991685938861527040,2018-05-03 07:26:04,802197903951429632,1012058653,MisterT190,YakaranGonuller
991942863264124928,991742425734569985,2018-05-03 07:29:42,4902618507,869193235918454786,Diogo_dimx,offensivemem3s_
991942934563033088,991894179788808192,2018-05-03 07:29:59,903229369493094400,2231091494,x4wO8yQ7ES0l21X,HTAFMediaOffice
991944691968106496,991751532424060929,2018-05-03 07:36:58,1018496864,738153522277945344,AvidehG,dawg_lb
991945648248418304,991902246777405440,2018-05-03 07:40:46,279613612,1142312972,mgicafe,german21168
991946264815300609,991943821935239168,2018-05-03 07:43:13,919622839556337664,272621942,0DGMETHHAZE666,trpresidency
991947116259020800,991941694458335232,2018-05-03 07:46:36,4526348361,3188856912,JerryCarpente18,RebwarAhmad88
991948563302273024,991704664403046400,2018-05-03 07:52:21,817733547037433860,954124423,JoyNaulens,AmyMek
991949196658921472,991948647133798401,2018-05-03 07:54:52,842126244577697793,2399831642,SpartaKurdi23,SaraLaviniaw
991949540562554880,991843945968644097,2018-05-03 07:56:14,893446185536585728,326003773,BSahin27424927,osimsek_herkul
991949947422560257,991891694311362565,2018-05-03 07:57:51,2707152541,816731937964511234,morzan46,ashnaa45
991951381895503872,991896243461910528,2018-05-03 08:03:33,2530174240,2897665331,aheren63,csagir2015
991951855839268864,991946299586072579,2018-05-03 08:05:26,714130132,419658583,garipedebali,FGulencomTR
991952241727766529,990377754175688706,2018-05-03 08:06:58,779952809441505280,920368565575999488,qACr7uwmbtc0SYO,Glockengeist
991954494060670976,991708914029940736,2018-05-03 08:15:55,977292810,326003773,NLpeyniri,osimsek_herkul
991956503115501569,991738365434368000,2018-05-03 08:23:54,2212924158,482838365,hafaul,Hayritu
991959246181928960,991843945968644097,2018-05-03 08:34:48,2249111382,326003773,hindistankirazi,osimsek_herkul
991959447537881088,991958981903110144,2018-05-03 08:35:36,49946953,796385860975493120,Hevallo,TheRegionOrg
991959472707948544,991678161703272449,2018-05-03 08:35:42,4460767336,761072450272493568,VOLVO_t5r,Marko_Kahn
991960970070282240,991957667076886529,2018-05-03 08:41:39,756773044413161472,2323137780,cingirklisaat,HaberRisale
991966997255741440,991742389214765057,2018-05-03 09:05:36,3971607681,869193235918454786,22adriana_,offensivemem3s_
991969316705918977,991964874044473349,2018-05-03 09:14:49,3409366997,955730343021219840,Alyssa40k,ICafrinresist
991970994444267520,991959803579822080,2018-05-03 09:21:29,972929133264154624,763788888095719424,Roza85417021,livanAgiri04
991972839921201153,991858219231465472,2018-05-03 09:28:49,939048920,92460378,tpk_ali,yagizefe
991976388298182656,991808440971481096,2018-05-03 09:42:55,608413664,728316429121036290,KeniaOgur,fuatkav2
991976409273954304,991967703308165120,2018-05-03 09:43:00,2357855118,773092873,hseyn_selv,CemilTokpinar
991976732256239619,991799515412881408,2018-05-03 09:44:17,842832962492272641,2961037665,lokillo_teo,PatriarchalHero
991976971306496000,991975963394179072,2018-05-03 09:45:14,886588200533282816,962399377762455552,KommandoMensch,FiratNews_DE
991977264928645120,991843945968644097,2018-05-03 09:46:24,843030505423421440,326003773,mertiven06,osimsek_herkul
991980335159275520,991980152790761472,2018-05-03 09:58:36,919622839556337664,2834511,0DGMETHHAZE666,SPIEGELONLINE
991980498741268480,991747130967588865,2018-05-03 09:59:15,2403108915,4764985268,DOANDeva,aklingozu
991980658103869440,991810393034158080,2018-05-03 09:59:53,832527390756708352,214544700,macidsururi,bkenes
991987436120141824,991704664403046400,2018-05-03 10:26:49,2238196389,954124423,bbg_bgar,AmyMek
991987486455947265,991937251713142784,2018-05-03 10:27:01,871592156,1142312972,ManuJFdez,german21168
991987570312654848,991984739555926019,2018-05-03 10:27:21,3072592149,933474264317071360,vahiddin,Ozgurmedya_Tr
991989046711869441,991988826187890689,2018-05-03 10:33:13,919622839556337664,2221499653,0DGMETHHAZE666,mayday_dortmund
991989076080451584,991719202208690177,2018-05-03 10:33:20,249452591,2596413645,kbweingart,carrieksada
991989315168174081,991732943654703104,2018-05-03 10:34:17,2729233513,954124423,LeeHull2Oz,AmyMek
991992045639266304,991846789614465024,2018-05-03 10:45:08,976139643472277505,482838365,AliAlicik3,Hayritu
991992649614753792,991719202208690177,2018-05-03 10:47:32,483833711,2596413645,gary_kirsch,carrieksada
991994809706536965,991989092148764672,2018-05-03 10:56:07,906800380201328640,482838365,DK3acisu,Hayritu
991998068655513601,991905348763111424,2018-05-03 11:09:04,3153646922,3188847080,tasutaro_jp,kaede_shigure
992000006444859392,991999669873139712,2018-05-03 11:16:46,758635313640017920,577483196,fairnessandlaw,Sessymsay
992001642236186624,888709202205564928,2018-05-03 11:23:16,4266831333,2852359916,Gagan10cuAn,Gurmeetramrahim
992001688373485571,889130539600330761,2018-05-03 11:23:27,4266831333,2852359916,Gagan10cuAn,Gurmeetramrahim
992002313299558401,991664937457070080,2018-05-03 11:25:56,719539788244787200,311118058,ebrulideutsch,Murat_Macit58
992003227657916417,991675655040438273,2018-05-03 11:29:34,845563282412974080,2323137780,Yagiz1034,HaberRisale
992009326196875265,992005327724929025,2018-05-03 11:53:48,2946307881,265944968,wprz__,ANFKURDI01
992009485567844352,991652518567563264,2018-05-03 11:54:26,963810763386302464,949627738322866178,MMtaalamu,AliNassoro3
992010739673165824,991999783719067655,2018-05-03 11:59:25,526110917,780508596949823488,mehmetcheliklv,WasHatti
992012060870545408,991843945968644097,2018-05-03 12:04:40,852788402889961472,326003773,nazeem_mr,osimsek_herkul
992012362872913920,992012062149750784,2018-05-03 12:05:52,919622839556337664,19950500,0DGMETHHAZE666,KristianNairn
992012408985149441,992012011495141376,2018-05-03 12:06:03,919622839556337664,430734653,0DGMETHHAZE666,Giorgia_Palmas
992013637920444417,992011382106345473,2018-05-03 12:10:56,2228890529,487834443,zgazioglu2008,HasanCucuk
992014317427089408,991991298310615040,2018-05-03 12:13:38,839935334343454720,990274848147542017,DomitiaHonoria,Jva_thomas
992014959142948865,991892346282303488,2018-05-03 12:16:11,948096513594548224,98996662,WSocSS,LordMolyneaux
992014971729952768,991970147693940736,2018-05-03 12:16:14,2192010002,282055947,eclectelectric,anfenglish
992015034640412672,991822144081420293,2018-05-03 12:16:29,898830955,14505245,RobertaSparks8,infowars
992015147886694401,990637056161386498,2018-05-03 12:16:56,629715036,787776888097927169,hessenbursche,torben_braga
992015147899244544,992014695895896065,2018-05-03 12:16:56,919622839556337664,19349900,0DGMETHHAZE666,reallukeslater
992015361808756738,991742425734569985,2018-05-03 12:17:47,4896364384,869193235918454786,sofiacxrtes,offensivemem3s_
992016460699627520,991788838493278209,2018-05-03 12:22:09,1554804132,963106200,emirhan2455,kuheylan_gibi
992016922077270021,992016695014363137,2018-05-03 12:23:59,2267873731,782861332865544192,Twltter42325953,MedyaHaberTV2
992020051040579591,992016549954379776,2018-05-03 12:36:25,439972880,526964408,ZinePayiz,Jin__news
992020923443302401,992015131415601154,2018-05-03 12:39:53,2375855172,4655362155,ogvzoztvrk,trkkrt352
992022752155652097,992011382106345473,2018-05-03 12:47:09,870193353866051585,487834443,sinasipolat25,HasanCucuk
992024073348628481,991878164782575616,2018-05-03 12:52:24,4197139332,2596413645,FirebrandRand,carrieksada
992027739166257152,991366082362408960,2018-05-03 13:06:58,369244170,2596413645,kduncan251,carrieksada
992027810502852610,992006901754945537,2018-05-03 13:07:15,41905954,874671125988601856,ElenaHaskins,EndUsury
992028955514429441,989456148964216832,2018-05-03 13:11:48,1556722608,2841998391,carmex666,HentaiTeengirl
992030100588724224,991719202208690177,2018-05-03 13:16:21,62054945,2596413645,ecard_shark,carrieksada
992030113163239424,991724676907843584,2018-05-03 13:16:24,977416865268903936,3735364760,Hari_OM8,FASTNDFURIOUS9
992030406751944704,991704664403046400,2018-05-03 13:17:34,399745111,954124423,HorseShort,AmyMek
992032516482785286,992028646683668480,2018-05-03 13:25:57,2727237768,901450350,Skuggz_,1x2se
992035012114599937,991826645358002176,2018-05-03 13:35:52,898830955,14505245,RobertaSparks8,infowars
992035070843080704,983860449706835968,2018-05-03 13:36:06,980690669697163264,2555990508,ManfredElizabe2,SethBaer1
992035221829750785,991719202208690177,2018-05-03 13:36:42,366925352,2596413645,twin0830us,carrieksada
992035225998909440,991966129034756096,2018-05-03 13:36:43,830105896906809344,287843201,Bad_Company37,PoliticalIslam
992035754506416129,992021641172578304,2018-05-03 13:38:49,964803045992353792,577483196,SadiSAD8,Sessymsay
992036815656890369,992032842271125505,2018-05-03 13:43:02,763120751876726785,869193235918454786,rukovic50,offensivemem3s_
992043191011565568,992028646683668480,2018-05-03 14:08:22,1281028992,901450350,PsylaueN,1x2se
992045162338635776,991607493607546882,2018-05-03 14:16:12,493935668,759837427863130112,lebensraum_93,izargorri93
992046126995070976,992039578629427200,2018-05-03 14:20:02,2762051254,287843201,Raym0nd777,PoliticalIslam
992047737603526664,992015964224081921,2018-05-03 14:26:26,2897665331,38164483,csagir2015,englishpen
992052246509752320,992021613154652161,2018-05-03 14:44:21,2610615528,3302455838,DewreshEvdi,Amercans4YPG
992052514920058880,992045632964751360,2018-05-03 14:45:25,843146690957840384,461146580,ArgeAmed12,av_mkaraman
992052632394006529,992052466551349249,2018-05-03 14:45:53,963981559,955730343021219840,bancamadrid,ICafrinresist
992054490458042368,991704664403046400,2018-05-03 14:53:16,748859969777332225,954124423,usaforyoubruv,AmyMek
992056679888965632,992032842271125505,2018-05-03 15:01:58,100681091,869193235918454786,ayat_alsair,offensivemem3s_
992059225814614016,992011382106345473,2018-05-03 15:12:05,760758173410193408,487834443,corumsdn,HasanCucuk
992060802881544194,991742389214765057,2018-05-03 15:18:21,2941037842,869193235918454786,shkiks,offensivemem3s_
992063596283727873,991704664403046400,2018-05-03 15:29:27,772906825058492417,954124423,KennethSebasta,AmyMek
992067715077586944,929321343224496128,2018-05-03 15:45:49,865426145734410240,3735364760,GHAMANDIBABA,FASTNDFURIOUS9
992068377773559809,992050178386411520,2018-05-03 15:48:27,2996274711,287843201,ranglianjustin,PoliticalIslam
992068746910011395,992017618004529152,2018-05-03 15:49:55,2903817063,897768084714508289,PhantomUkrop,praviy_sector
992071699670581248,991832735634329601,2018-05-03 16:01:39,988365677395230720,98996662,Gen_Revenge,LordMolyneaux
992071842277003264,992011072482762752,2018-05-03 16:02:13,3072592149,761088995417665536,vahiddin,letonyamuhtar
992072496605159424,992059166901579777,2018-05-03 16:04:49,842326982754889729,326003773,SizintiCaglayan,osimsek_herkul
992072567916707840,991256105799086081,2018-05-03 16:05:06,987458748007448576,897619242,Bigmantrades,PinnacleSports
992073025100005376,992071302826602496,2018-05-03 16:06:55,729195775943565313,954124423,America_First25,AmyMek
992074526656614400,992064725277032448,2018-05-03 16:12:53,334389274,2596413645,Tea_Party_Chris,carrieksada
992076724451004416,836125416385572865,2018-05-03 16:21:37,267612841,1387804657,VinscentSteve,PeopleRuin
992076892223295488,991843945968644097,2018-05-03 16:22:17,4243935029,326003773,garbinafakiufuk,osimsek_herkul
992077059991195654,991957732642246656,2018-05-03 16:22:57,1142312972,2844296692,german21168,Nanchinho
992078007908040704,992077520089501696,2018-05-03 16:26:43,4704963747,2596413645,shepherdkeeper6,carrieksada
992078246970732545,991704664403046400,2018-05-03 16:27:40,48961308,954124423,locotecato,AmyMek
992078280525205504,992032842271125505,2018-05-03 16:27:48,2312603174,869193235918454786,JoseMendes120,offensivemem3s_
992078410548678656,992078033963180032,2018-05-03 16:28:19,980221694521507840,869193235918454786,GuiRosario1887,offensivemem3s_
992080482539134976,991872359723249664,2018-05-03 16:36:33,843203347633061888,977033918,kamil_vd,muhabbet_iksiri
992080897800392704,991732829150236672,2018-05-03 16:38:12,969006056495112192,98996662,amongnumbnutz,LordMolyneaux
992082625845178368,991708914029940736,2018-05-03 16:45:04,4829167311,326003773,seyyahyolcu2016,osimsek_herkul
992083934455435265,992074169360797697,2018-05-03 16:50:16,2379205176,2236703862,Deuveller,ahmettiris
992084177720836097,992065167667159041,2018-05-03 16:51:14,954089338131963904,806465743957225474,afrinnnnn1,HosengHesen
992088288155463681,992087764555345922,2018-05-03 17:07:34,2709759714,1565320682,Barokk12,SalehMaslem
992089269635198976,986368710964281344,2018-05-03 17:11:28,716029655317364736,725314701769474048,nikolya_larin82,HTworldru
992089923921440768,991710689717817346,2018-05-03 17:14:04,900453568192409600,954124423,FreedmlovnTrump,AmyMek
992089986852798464,992087994189340672,2018-05-03 17:14:19,769197392679804928,98996662,DryBonesSpeak,LordMolyneaux
992090209129922560,992064725277032448,2018-05-03 17:15:12,554223333,2596413645,bankruptcy7now,carrieksada
992091240945532928,992071302826602496,2018-05-03 17:19:18,27587056,954124423,Deedra3,AmyMek
992091538749468672,992090069329625088,2018-05-03 17:20:29,701962488,4717892303,HerrBestatter,V_of_Europe
992092360837292032,992078033963180032,2018-05-03 17:23:45,929783059892916226,869193235918454786,DaddyRucka,offensivemem3s_
992092763477893120,836125416385572865,2018-05-03 17:25:21,969550572,1387804657,stelllavn,PeopleRuin
992093786883874816,991582107196633090,2018-05-03 17:29:25,933879850871545856,1142312972,GaviotaPepe,german21168
992094797694287874,992094353840422912,2018-05-03 17:33:26,863991077883322368,813914393788481540,Mill_Leap,Nature_and_Race
992099780556832768,992064725277032448,2018-05-03 17:53:14,532459682,2596413645,MarianCantwellF,carrieksada
992101131122823170,992055216731181057,2018-05-03 17:58:36,595089669,2596413645,LoganNewberry22,carrieksada
992101533746638848,845187280142680065,2018-05-03 18:00:12,51712399,4764985268,nihatyavuz,aklingozu
992101693167980546,991964350985490433,2018-05-03 18:00:50,3089155533,21846861,Ann__Kelly,scotttdean
992101995136929793,992074452384075777,2018-05-03 18:02:02,702563472937103360,4872688372,seyitrizatorun,boduradalet5
992102766876286978,961674284585320449,2018-05-03 18:05:06,830548025621827584,869193235918454786,Iness_Pacheco,offensivemem3s_
992103140194373633,991790291114917890,2018-05-03 18:06:35,358605459,869193235918454786,syedanialafiq,offensivemem3s_
992103643510865920,991742389214765057,2018-05-03 18:08:35,840090192018989058,869193235918454786,tseixas82,offensivemem3s_
992104004216852485,992078828460748800,2018-05-03 18:10:01,526110917,2897665331,mehmetcheliklv,csagir2015
992104272643940352,991843945968644097,2018-05-03 18:11:05,2442371044,326003773,Cicekbocek1968,osimsek_herkul
992106206218113030,992078033963180032,2018-05-03 18:18:46,2240790542,869193235918454786,FigaroSwag,offensivemem3s_
992106516617617411,992076586781433856,2018-05-03 18:20:00,717605675866652672,3072592149,hsynyldz020,vahiddin
992107514857652224,992053030592839680,2018-05-03 18:23:58,364261539,1142312972,Velherro,german21168
992108483708375046,991892346282303488,2018-05-03 18:27:49,823065243014275072,98996662,alhorngreni,LordMolyneaux
992110002079924229,992058937586409472,2018-05-03 18:33:51,2789041077,420542453,Siiimuuurg,mahmutakpinar1
992112334079393792,992046066102042636,2018-05-03 18:43:07,1528039190,782861332865544192,Erkocgiri,MedyaHaberTV2
992113487513038848,992111300884000775,2018-05-03 18:47:42,900294850830118912,1142312972,Budyperro,german21168
992114083108458496,991752334626586624,2018-05-03 18:50:04,4479963690,2596413645,YZeducatesU,carrieksada
992114137667981312,991732943654703104,2018-05-03 18:50:17,22214019,954124423,TruthReport_,AmyMek
992115790219427841,992109739613081600,2018-05-03 18:56:51,982616696170008576,92460378,AtilaMeteHAN8,yagizefe
992116465502474241,991818201070821376,2018-05-03 18:59:32,937391743678517249,92460378,nazimkarayel19,yagizefe
992116612307267586,991899255324401664,2018-05-03 19:00:07,982701088372592642,827421830,KayaHeya,mysl17
992117400836419584,992105646043607041,2018-05-03 19:03:15,991457272005001216,3375577991,Zulikha59706544,macergifford
992117644089159680,990917102566600704,2018-05-03 19:04:13,2566316774,869193235918454786,kaixa0212,offensivemem3s_
992118310962638854,992102347328380928,2018-05-03 19:06:52,980338143839834112,92460378,kulakme,yagizefe
992122182338777089,992117593770164224,2018-05-03 19:22:15,2873735931,1231779054,Alasor21,ikramcan29
992122211703156736,992120763204493312,2018-05-03 19:22:22,2685307420,869193235918454786,Vitor_Novo_,offensivemem3s_
992122354288480256,992078033963180032,2018-05-03 19:22:56,2972589989,869193235918454786,KillerHedgehog7,offensivemem3s_
992125172852326400,992078033963180032,2018-05-03 19:34:08,2701549148,869193235918454786,luisbranco92,offensivemem3s_
992125181232668674,991742425734569985,2018-05-03 19:34:10,1681075291,869193235918454786,dianasgpereira,offensivemem3s_
992126456309403648,992116256785526784,2018-05-03 19:39:14,3062257985,719153440107204608,Manuerevera74,KurdistanAu
992126741522075649,986373103314972673,2018-05-03 19:40:22,4757321309,725314701769474048,musa_ismagilov1,HTworldru
992126984787496966,991924736887345152,2018-05-03 19:41:20,979789368608133121,2798082501,ViaynS,Rojnewsku
992127223858544641,992071302826602496,2018-05-03 19:42:17,734566742052200449,954124423,irenerusso124,AmyMek
992127362283143168,992071302826602496,2018-05-03 19:42:50,3284288924,954124423,Gill_Merman,AmyMek
992127672653373442,992099325902704640,2018-05-03 19:44:04,961387417759567872,738153522277945344,thenationsrage,dawg_lb
992129040030060544,991902246777405440,2018-05-03 19:49:30,909823492635455489,1142312972,sakmunt,german21168
992131413972586496,991994545507364864,2018-05-03 19:58:56,984712252015218688,813914393788481540,Vinny67182458,Nature_and_Race
992132575815782401,992078033963180032,2018-05-03 20:03:33,4221699933,869193235918454786,claudinpipocado,offensivemem3s_
992133154625523713,992032842271125505,2018-05-03 20:05:51,1927758978,869193235918454786,Sirasa6,offensivemem3s_
992135172085596160,992130657538232320,2018-05-03 20:13:52,912591419612708864,954124423,NancyMansour20,AmyMek
992135406945697792,959996099808448513,2018-05-03 20:14:48,992131492846465024,326584594,latoyia43623446,mmazzonejr
992135411160973315,992130657538232320,2018-05-03 20:14:49,491367565,954124423,PurplePilled,AmyMek
992135658629103616,992114380023128064,2018-05-03 20:15:48,1566572072,2596413645,debra_bonanno,carrieksada
992135666992631808,992120763204493312,2018-05-03 20:15:50,1080816505,869193235918454786,MarioPenedetti,offensivemem3s_
992136677845069824,704242403067170816,2018-05-03 20:19:51,4030438289,4764985268,oakb8,aklingozu
992136732350009345,992106230922514432,2018-05-03 20:20:04,708832290714025984,3089155533,barrylyndonjr,Ann__Kelly
992138049390895108,992102228390330368,2018-05-03 20:25:18,958883045293125632,813914393788481540,GingerAnn13,Nature_and_Race
992139324446650369,991742389214765057,2018-05-03 20:30:22,254125352,869193235918454786,RebeGM19,offensivemem3s_
992139349612486657,992120763204493312,2018-05-03 20:30:28,637193670,869193235918454786,4Aurantiaco,offensivemem3s_
992139815197007872,992032842271125505,2018-05-03 20:32:19,1289055127,869193235918454786,aka_quaresma,offensivemem3s_
992140863773003776,992140805161738240,2018-05-03 20:36:29,526110917,847396059315716097,mehmetcheliklv,servetsancakli
992142570854715392,991977929415458819,2018-05-03 20:43:16,855023671324422145,346612013,bera_baha,Ozcan_Keles
992142893811945473,992142334778314758,2018-05-03 20:44:33,977465493471756288,1071964740,SimkoCastle,AfarinMamosta
992142910589108224,992123769975132162,2018-05-03 20:44:37,701962488,4717892303,HerrBestatter,V_of_Europe
992143292237217793,989895039345184768,2018-05-03 20:46:08,2236703862,932234155760476160,ahmettiris,hakanasa93
992144588298248193,992117273241554944,2018-05-03 20:51:17,2798022131,3685392135,Helin_Bakur,bahardemir132
992144844150755330,991747130967588865,2018-05-03 20:52:18,719995838,4764985268,04benhur,aklingozu
992145041291464705,992025839893204993,2018-05-03 20:53:05,2236703862,932234155760476160,ahmettiris,hakanasa93
992146278581760002,992032842271125505,2018-05-03 20:58:00,875858258707308544,869193235918454786,O_Febras_,offensivemem3s_
992147889198596096,991391260505182208,2018-05-03 21:04:24,1525410284,764932334525218817,AhmetTunagrup,haciosman2017
992149504001478656,992128009149779968,2018-05-03 21:10:49,305798955,49946953,ubdai66,Hevallo
992149801822310401,992135011276083202,2018-05-03 21:12:00,954109600369954818,2492125436,mwa6n16,agra3_kw
992151743759724544,992052356723429376,2018-05-03 21:19:43,934925818916102144,954124423,eemd48,AmyMek
992153027237830657,992085305741201409,2018-05-03 21:24:49,970425414853292032,98996662,LeeuwWimde,LordMolyneaux
992154709141151744,990646134367510533,2018-05-03 21:31:30,970425414853292032,98996662,LeeuwWimde,LordMolyneaux
992154797250932736,992064725277032448,2018-05-03 21:31:51,804085307234717696,2596413645,OFFANDONMOVE,carrieksada
992156630145003525,991724707799076865,2018-05-03 21:39:08,907674516490518528,92460378,Kul1444,yagizefe
992156814711119872,992039578629427200,2018-05-03 21:39:52,1539414133,287843201,lulami64,PoliticalIslam
992157947148079106,990309268141301760,2018-05-03 21:44:22,970425414853292032,98996662,LeeuwWimde,LordMolyneaux
992158148482887680,992130657538232320,2018-05-03 21:45:10,899377680465797121,954124423,THN777,AmyMek
992159612299370497,991018821245861888,2018-05-03 21:50:59,838482083903389703,487834443,munaf_avc,HasanCucuk
992160006572265473,991942445255585793,2018-05-03 21:52:33,991730421611278338,2900328521,SerhadCanBg,AjansAryen6
992160765716189184,991892346282303488,2018-05-03 21:55:34,755208809333882881,98996662,YourUncleKlaus,LordMolyneaux
992160958649860097,992120763204493312,2018-05-03 21:56:20,763462154494304256,869193235918454786,GoncaloSaldas,offensivemem3s_
992163559147819008,992151813628411905,2018-05-03 22:06:40,755509950395351040,92460378,umudunu_yitirme,yagizefe
992163701741555712,991314489885839360,2018-05-03 22:07:14,871121602536230916,869193235918454786,LaraCarvalho_13,offensivemem3s_
992164955834212357,992142137750769664,2018-05-03 22:12:13,1648905578,461041915,kod_dna,CaferTayyarKala
992165387864297472,986325236294520833,2018-05-03 22:13:56,1536657750,2473757377,BirHakperest,heceliyoruz
992166121863344131,991617533194227712,2018-05-03 22:16:51,2238535558,487834443,SerkanCelem,HasanCucuk
992166444799578112,991742425734569985,2018-05-03 22:18:08,2390038434,869193235918454786,CostuletaSexyPa,offensivemem3s_
992167258515427328,992113805726400512,2018-05-03 22:21:22,387813577,4779809419,ProTrump001,Alba_Risen
992170337134632960,992165842140913665,2018-05-03 22:33:36,849395442173575176,302111485,DinoSenjkovic,Enes_Kanter
992170450355671040,992151818854588416,2018-05-03 22:34:03,875825856110673920,760324968928321536,shrakgun,yenihamle
992171041769295872,992151036352753671,2018-05-03 22:36:24,2163937697,248829087,cmlhzmt,ahamitbilici
992171205351395334,991878164782575616,2018-05-03 22:37:03,30516193,2596413645,LDEckert,carrieksada
992171805136732160,992135421583941637,2018-05-03 22:39:26,2850364928,3375577991,mallison1414,macergifford
992173659002458112,992165842140913665,2018-05-03 22:46:48,2504790217,302111485,paco_nyj,Enes_Kanter
992173789055156224,992165842140913665,2018-05-03 22:47:19,837661952193282054,302111485,justus_32,Enes_Kanter
992176066537156608,992172121764790272,2018-05-03 22:56:22,243726128,1939552088,RespublicaQc,guycrete
992176662140936192,992165842140913665,2018-05-03 22:58:44,509709661,302111485,kiilllaaaaa,Enes_Kanter
992178448926883840,992080293153697792,2018-05-03 23:05:50,866616654268059648,822583765121830914,samet1903madran,bibar_gultekin
992178713138786304,992167931659206657,2018-05-03 23:06:53,488018270,820412797,Wahr_Sager,dortmundsrechte
992179522660319232,992178855615098881,2018-05-03 23:10:06,387813577,982999224127246336,ProTrump001,ChrisNTheHood
992182735480373248,992169525842989059,2018-05-03 23:22:52,448342995,954124423,divinestardust,AmyMek
992186455828107264,992185174942191617,2018-05-03 23:37:39,919622839556337664,21447363,0DGMETHHAZE666,katyperry
992186606839910401,992120763204493312,2018-05-03 23:38:15,558074898,869193235918454786,maryleanmanson,offensivemem3s_
992186862683930624,991677658361745410,2018-05-03 23:39:16,2239281668,126758373,TipiTip_45,emrecelikrumi
992187605058912256,991886772773715969,2018-05-03 23:42:13,738153522277945344,975217231,dawg_lb,John_KissMyBot
992190788573380608,992169525842989059,2018-05-03 23:54:52,940794840144580608,954124423,Hiwayman64,AmyMek
992192587892080641,992165842140913665,2018-05-04 00:02:01,818675126078013440,302111485,Shaqramento,Enes_Kanter
992196593465126912,992147339207901184,2018-05-04 00:17:56,1284748195,126758373,OzEsr,emrecelikrumi
992196601874731008,992175492081037313,2018-05-04 00:17:58,2931929345,954124423,UrsolaMadelaine,AmyMek
992197172274774016,992070688369328129,2018-05-04 00:20:14,759388867791351809,984778947400425472,What698788,no_ur_enemy
992200146040573953,992090770810191872,2018-05-04 00:32:03,25300494,1912095728,raglanhall708,AylinaKilic
992200460605026304,991843945968644097,2018-05-04 00:33:18,252675316,326003773,sizim_kyk,osimsek_herkul
992201005864386560,992155466120749058,2018-05-04 00:35:28,918326119174086657,813914393788481540,FuriousFolly,Nature_and_Race
992201291098148864,992071302826602496,2018-05-04 00:36:36,3040046230,954124423,nhavink10_nancy,AmyMek
992207809050705920,992106230922514432,2018-05-04 01:02:30,893863255885721601,3089155533,19deltahardcore,Ann__Kelly
992207876151283714,992165842140913665,2018-05-04 01:02:46,628876666,302111485,boss_champion,Enes_Kanter
992209843263082497,992099325902704640,2018-05-04 01:10:35,977662484755644417,738153522277945344,PunisherDonald,dawg_lb
992211529381634049,992211348951044096,2018-05-04 01:17:17,839935334343454720,891040315079102465,DomitiaHonoria,Gator9191
992214914201804805,992097608184164354,2018-05-04 01:30:44,1527599310,1016063701,mustafakapan61,Umit_Burcundan
992215123900104704,992165842140913665,2018-05-04 01:31:34,969638871054147584,302111485,Ryan_F212,Enes_Kanter
992216839383142400,992215242796097537,2018-05-04 01:38:23,923347401691336704,2841998391,Princess_Lewd_,HentaiTeengirl
992217862805704706,992093835495784449,2018-05-04 01:42:27,894753952658472961,3375577991,Finefragrancefa,macergifford
992218982664032257,992215814949556224,2018-05-04 01:46:54,3766406902,2841998391,Hentai_Retweet,HentaiTeengirl
992222459733725184,992208832301428736,2018-05-04 02:00:43,2256965582,738153522277945344,sxdoc,dawg_lb
992222723995848705,992215242796097537,2018-05-04 02:01:46,1315939014,2841998391,DJHentaiBoi,HentaiTeengirl
992222879159934976,992218453569392640,2018-05-04 02:02:23,923347401691336704,2841998391,Princess_Lewd_,HentaiTeengirl
992227736188993537,992130657538232320,2018-05-04 02:21:41,833528192451407872,954124423,kaykay2506,AmyMek
992227740358184961,992205451621208064,2018-05-04 02:21:42,1464861043,2451324481,KhanReader,b63kara
992229824923086849,992165842140913665,2018-05-04 02:29:59,73834352,302111485,FredKatz,Enes_Kanter
992233272641024000,992046066102042636,2018-05-04 02:43:41,3436448163,782861332865544192,lyasahin8,MedyaHaberTV2
992237852854575105,992169525842989059,2018-05-04 03:01:53,841692239562653697,954124423,Crowntiptoe,AmyMek
992238096124178432,992188160250712064,2018-05-04 03:02:51,858400909725978624,92460378,faniyolcu84,yagizefe
992242714031763457,992109739613081600,2018-05-04 03:21:12,2420911593,92460378,osahin21,yagizefe
992244525979463680,992171357252280320,2018-05-04 03:28:24,780527258033356801,577483196,snamkmk,Sessymsay
992245381617483778,992167949984124928,2018-05-04 03:31:48,699270330142101504,3244921294,FUTURUMBOHEMIA,AzadiRojava
992246597957304320,992099325902704640,2018-05-04 03:36:38,177699382,738153522277945344,Christy7Patriot,dawg_lb
992250280577126400,988147436777623554,2018-05-04 03:51:16,987733753136107520,98996662,GodIsWhiteLight,LordMolyneaux
992251014580350977,992124355512557568,2018-05-04 03:54:11,2688607812,98996662,KhenioKL,LordMolyneaux
992251501086031873,992237745958420480,2018-05-04 03:56:07,952591214,703380528867713024,ismailbulut061,EmineEroglu111
992251731797950466,992202977162211328,2018-05-04 03:57:02,913051903185051648,723206253296640000,ErdemYozgat66,sakirtmen57
992252478375710726,987716173281230849,2018-05-04 04:00:00,18557659,954124423,mcgilh,AmyMek
992257922590695426,992257187857612800,2018-05-04 04:21:38,843146690957840384,3685392135,ArgeAmed12,bahardemir132
992261437425790977,736933218478395392,2018-05-04 04:35:36,988430300748369920,719525081932804097,pautulrepas1971,montysharma82
992271726024187904,991890602827513857,2018-05-04 05:16:29,4808618241,3150638263,blackpanzermx,stetson001
992272187410141184,992109739613081600,2018-05-04 05:18:19,706956407728427008,92460378,1GaribY0lcu,yagizefe
992277568702173186,992261497463095297,2018-05-04 05:39:42,4341845536,716897231023054848,sosyalmedya661,AtaUlak
992280638945349633,992071302826602496,2018-05-04 05:51:54,930137275,954124423,Azculain,AmyMek
992282480253091840,992275885230190592,2018-05-04 05:59:13,884673164386729984,2205302725,MahmutTumsek,MAZLUMUNFERYADI
992291154057023490,990544407337291782,2018-05-04 06:33:41,762606113749688320,326003773,ASYLsifir,osimsek_herkul
992293460911603715,992169525842989059,2018-05-04 06:42:51,827944764062445570,954124423,WilheminaFoxx,AmyMek
992295457425539074,992165291516817408,2018-05-04 06:50:47,949044608612360193,898201032332857344,generalmaximil1,Maverick4201889
992296199804735488,992138322028920832,2018-05-04 06:53:44,759778500354060288,1016063701,red_phone_box20,Umit_Burcundan
992297084794454020,992293701585059840,2018-05-04 06:57:15,152281488,2755430545,Kurdistan_Ciya,DefenseUnits
992298917717991426,992083208358518784,2018-05-04 07:04:32,851395297,1728451099,jsoler63,KurdisCat
992301455246700546,992095215904210944,2018-05-04 07:14:37,855023671324422145,214544700,bera_baha,bkenes
992301509772656643,992301319611269120,2018-05-04 07:14:50,905549152137904129,1142312972,Librepensador_A,german21168
992304093468151809,992208832301428736,2018-05-04 07:25:06,824322536204865537,738153522277945344,MazurikL,dawg_lb
992304454190882816,992109739613081600,2018-05-04 07:26:32,538950350,92460378,uemitkiki,yagizefe
992305452452007936,992298277105106944,2018-05-04 07:30:30,4460767336,247874198,VOLVO_t5r,FXMC1957
992307159525306368,992252974075334657,2018-05-04 07:37:17,54793224,954124423,man_bhr,AmyMek
992311139907264512,992008790991101953,2018-05-04 07:53:06,1493926051,716436965281964032,Irongear71,krankusama
992312746346610688,992299017936584705,2018-05-04 07:59:29,845832891720359936,435725661,tochybana1,dersi4m
992312788256149504,992237745958420480,2018-05-04 07:59:39,1545985585,703380528867713024,yayhasan,EmineEroglu111
992313228670586880,992076145658138625,2018-05-04 08:01:24,2995787352,2492125436,raadalglal1993,agra3_kw
992316462500057088,988522780370128897,2018-05-04 08:14:15,901771023254769664,4764985268,ereeeen_,aklingozu
992316844165029888,988670845936685056,2018-05-04 08:15:46,52791854,4764985268,onceadalet00,aklingozu
992319897605738496,992314966450503680,2018-05-04 08:27:54,2574890250,957358675605278721,Salanefrin,sozdar_kurdish
992328185583988738,992176351284219904,2018-05-04 09:00:50,865278417041850370,149800990,WitterRewitter,yelazar
992329456449736704,842807519177261056,2018-05-04 09:05:53,950572626438709248,3089155533,southafrica_dea,Ann__Kelly
992329888437866496,991843945968644097,2018-05-04 09:07:36,882638128917475329,326003773,hc20171,osimsek_herkul
992330123348193280,992312255201996802,2018-05-04 09:08:32,949044608612360193,814540174369681408,generalmaximil1,Gyngyik1
992333730449641473,992076145658138625,2018-05-04 09:22:52,957117916616577024,2492125436,kazi_mah3l,agra3_kw
992338730039037952,992106230922514432,2018-05-04 09:42:44,34754202,3089155533,edgedgedg,Ann__Kelly
992339673778393089,992128009149779968,2018-05-04 09:46:29,962717507273490432,49946953,DbjRg,Hevallo
992341024335777793,992328480657412097,2018-05-04 09:51:51,521142615,287843201,weltec2,PoliticalIslam
992342769174753281,992170434161455117,2018-05-04 09:58:47,2969405391,3244921294,scheerenberger,AzadiRojava
992343805163696129,992106230922514432,2018-05-04 10:02:54,368377674,3089155533,preno21,Ann__Kelly
992345549981519874,992167949984124928,2018-05-04 10:09:50,1643916739,3244921294,renas_21amed,AzadiRojava
992347995256643584,992252974075334657,2018-05-04 10:19:33,966289722476826626,954124423,jenginger4,AmyMek
992348565698727936,992347168580292608,2018-05-04 10:21:49,805018321540227072,597769317,Freedomoneshine,GelBahar1
992348880267341824,992237745958420480,2018-05-04 10:23:04,3483211696,703380528867713024,hakannimetmeli1,EmineEroglu111
992351321339629568,992295719565385730,2018-05-04 10:32:46,717864675283767296,3855272473,anarcasta,thefaceberg
992351845631881216,992341990808477697,2018-05-04 10:34:51,3285257881,1231779054,rozaavasin,_ikramcan32
992352185391419393,992351664827969536,2018-05-04 10:36:12,711640733715972096,869193235918454786,LostBroDoJester,offensivemem3s_
992353938581180417,992351664827969536,2018-05-04 10:43:10,711227821461524480,869193235918454786,cancrodevida,offensivemem3s_
992354261555138560,992351664827969536,2018-05-04 10:44:27,3056175858,869193235918454786,joao_cpintoo,offensivemem3s_
992355339503915008,992170434161455117,2018-05-04 10:48:44,42634217,3244921294,Breitsprechers,AzadiRojava
992356614542970880,992166826929938432,2018-05-04 10:53:48,902021679681024000,872403805148553216,DenizArcan5,SunaVarol_
992358661359001600,992252974075334657,2018-05-04 11:01:56,1018422037,954124423,ProfitDoctor_,AmyMek
992360011958489089,992208832301428736,2018-05-04 11:07:18,842462201285890049,738153522277945344,Patriot261,dawg_lb
992360477496836096,992354863173586944,2018-05-04 11:09:09,526110917,589131862,mehmetcheliklv,Muratzenci06
992360708179447811,822087411710787584,2018-05-04 11:10:04,984020938885943297,4764985268,Spinoist1,aklingozu
992361341531893760,992109739613081600,2018-05-04 11:12:35,754707594674049024,92460378,farukmadrid,yagizefe
992364545971769344,992351664827969536,2018-05-04 11:25:19,2202810833,869193235918454786,_cyph3r_,offensivemem3s_
992367377160507393,992351509420609538,2018-05-04 11:36:34,1142312972,1930267483,german21168,rubiodelpozo
992368299873890310,992317906917748736,2018-05-04 11:40:14,919622839556337664,101477788,0DGMETHHAZE666,CharlottedWitte
992371131058413568,992299017936584705,2018-05-04 11:51:29,334216781,435725661,AriaShino,dersi4m
992371776956100608,992029834275622912,2018-05-04 11:54:03,2610615528,3302455838,DewreshEvdi,Amercans4YPG
992372372568182784,992134996604354560,2018-05-04 11:56:25,248829087,18999708,ahamitbilici,CBCBusiness
992373270157475842,992314912805285888,2018-05-04 11:59:59,960919330710896640,487834443,safauzakadali,HasanCucuk
992376407459287040,992373587993681921,2018-05-04 12:12:27,916713880650420224,214544700,Bediragam,bkenes
992377699338473472,992117492381310980,2018-05-04 12:17:35,2252893931,577483196,NecdatG,Sessymsay
992378181687697409,992168915584339968,2018-05-04 12:19:30,962985994856235008,3375577991,ew_ciye,macergifford
992378647242682369,992117273241554944,2018-05-04 12:21:21,2250671344,3685392135,irisyasemin,bahardemir132
992379410585014272,992147310200217600,2018-05-04 12:24:23,2250671344,1379066754,irisyasemin,RebHarms
992380618548883456,992252974075334657,2018-05-04 12:29:11,935212483,954124423,JamesGreenBayWI,AmyMek
992383248390148097,992252974075334657,2018-05-04 12:39:38,42916620,954124423,nanrod98,AmyMek
992384661857894400,984839122257772544,2018-05-04 12:45:15,4897039492,738153522277945344,JohnWUSMC,dawg_lb
992385282614923264,992252974075334657,2018-05-04 12:47:43,772420536894943233,954124423,BenMac1948,AmyMek
992386293446430725,992065167667159041,2018-05-04 12:51:44,947746112076738560,806465743957225474,lilekoyesosin,HosengHesen
992388470286012422,992388269081006080,2018-05-04 13:00:23,2228890529,519149792,zgazioglu2008,ibuyukcelebi
992388805851312130,992342076523188225,2018-05-04 13:01:43,930210111611654144,3244921294,DildisojeD,AzadiRojava
992390173194379265,992274307148468225,2018-05-04 13:07:09,989999550730522625,346612013,KumTane38146104,Ozcan_Keles
992390496147378181,992388725245206534,2018-05-04 13:08:26,116203932,869193235918454786,Juliors10,offensivemem3s_
992390835898605569,992078033963180032,2018-05-04 13:09:47,813521609021681666,869193235918454786,folkeiroancap,offensivemem3s_
992391217555083265,992314912805285888,2018-05-04 13:11:18,936471530,487834443,ademsentrk,HasanCucuk
992392786241576960,992301319611269120,2018-05-04 13:17:32,1367920520,1142312972,pablofdezpalma,german21168
992393553803431936,992388700159070208,2018-05-04 13:20:35,919622839556337664,2479362006,0DGMETHHAZE666,BARONG_FAMILY
992394459781484544,992394103219539969,2018-05-04 13:24:11,3302455838,2834579854,Amercans4YPG,Truth_Moose
992394929539346432,991704664403046400,2018-05-04 13:26:03,881326631461072897,954124423,TheSmithFamil20,AmyMek
992398150735458305,992167949984124928,2018-05-04 13:38:51,2848259559,3244921294,Tocqueville001,AzadiRojava
992398230431285248,983860449706835968,2018-05-04 13:39:10,980850283222831104,2555990508,KyleRathbone3,SethBaer1
992398335309893635,992313038052077568,2018-05-04 13:39:35,396558686,970093837082333185,ECiyahebun,bazmordemjiyan
992399748786159616,992388725245206534,2018-05-04 13:45:12,2819975603,869193235918454786,Aulo03,offensivemem3s_
992399945901789184,988042668612694019,2018-05-04 13:45:59,1048320475,869193235918454786,exorsus12,offensivemem3s_
992400218535669762,992400164601188352,2018-05-04 13:47:04,839935334343454720,3140905040,DomitiaHonoria,Gigiwinsagain
992402579945439233,991311536609251328,2018-05-04 13:56:27,387813577,950028335190544384,ProTrump001,CicerosSon
992403578173222912,704244068759392256,2018-05-04 14:00:25,1474079635,4764985268,BOS_BAKANN,aklingozu
992404786128531456,992403576512102400,2018-05-04 14:05:13,986652307717873664,287843201,1984_not_1984,PoliticalIslam
992404815497003008,992404170790572032,2018-05-04 14:05:20,919622839556337664,72931184,0DGMETHHAZE666,DrDavidDuke
992404924532252673,992403812416704512,2018-05-04 14:05:46,919622839556337664,205622130,0DGMETHHAZE666,KremlinRussia_E
992405125883990018,992389631474831365,2018-05-04 14:06:34,224018723,365854454,AlaisiaSharkey,SBOBET
992405352380620800,992078033963180032,2018-05-04 14:07:28,2759222943,869193235918454786,EricaTheSquid,offensivemem3s_
992405855667736581,992388725245206534,2018-05-04 14:09:28,3028977622,869193235918454786,mezhepsizgavat,offensivemem3s_
992408057677275137,992388725245206534,2018-05-04 14:18:13,987012192309596161,869193235918454786,JuniorX__13,offensivemem3s_
992408561010462721,976169124308144128,2018-05-04 14:20:13,795659902291099648,869193235918454786,MarutiBajrangi,offensivemem3s_
992409970283954181,992404214205898753,2018-05-04 14:25:49,3863081907,3089155533,Treuburg,Ann__Kelly
992410305845133312,992405749761486850,2018-05-04 14:27:09,865950243174703106,92460378,tramericanboy,yagizefe
992415414511656960,992076145658138625,2018-05-04 14:47:27,859476007505592322,2492125436,EykOAcOQOmH0aXm,agra3_kw
992416135915155458,992153230254616582,2018-05-04 14:50:19,115842047,738153522277945344,skyeleo,dawg_lb
992416370800422912,992389440587919361,2018-05-04 14:51:15,2252893931,577483196,NecdatG,Sessymsay
992416400156315649,992207918324994048,2018-05-04 14:51:22,3709329729,978970601292476416,reallyo10,_Amazing_Lucid_
992417159329583104,992416201035976705,2018-05-04 14:54:23,526110917,714724252495249408,mehmetcheliklv,gezerk_
992420070180708352,992078033963180032,2018-05-04 15:05:57,952050035109351425,869193235918454786,CrissWerther,offensivemem3s_
992421684992008192,992419794430279681,2018-05-04 15:12:22,973212898104430592,287843201,RooijenBetty,PoliticalIslam
992422075079036929,992252974075334657,2018-05-04 15:13:55,1434197689,954124423,MarceloThor69,AmyMek
992422859413839873,992148722904682496,2018-05-04 15:17:02,2678355564,991784677601095680,Haw_Kurdy,mamoste_jody
992423022970789888,992388725245206534,2018-05-04 15:17:41,3202318371,869193235918454786,ricardo5oliveir,offensivemem3s_
992425812182913024,992360910458155008,2018-05-04 15:28:46,991697459830194176,282055947,kurdoware,anfenglish
992427087272267781,992351664827969536,2018-05-04 15:33:50,4249891167,869193235918454786,gigiginestal,offensivemem3s_
992429117307047938,992301319611269120,2018-05-04 15:41:54,716004127,1142312972,Fonfria,german21168
992429217970343936,992135421583941637,2018-05-04 15:42:18,2678355564,3375577991,Haw_Kurdy,macergifford
992430392362897410,992427313714335745,2018-05-04 15:46:58,940993033931239425,630302721,twxLjkboMHg4AAh,AttahrirSyria
992430430103265280,992388725245206534,2018-05-04 15:47:07,3341700501,869193235918454786,rafa_13,offensivemem3s_
992433131264315392,992388725245206534,2018-05-04 15:57:51,171649111,869193235918454786,savior__md,offensivemem3s_
992436193097932803,992405749761486850,2018-05-04 16:10:01,973396082523820032,92460378,Bionic361,yagizefe
992436700579356672,992413420141121537,2018-05-04 16:12:02,908328395674669056,1728451099,OSupervia,KurdisCat
992436780283686912,992252974075334657,2018-05-04 16:12:21,111304995,954124423,ignorethemugs,AmyMek
992436906125348866,992408506463535104,2018-05-04 16:12:51,2945277128,287843201,onceuponattimei,PoliticalIslam
992437703051497478,992388725245206534,2018-05-04 16:16:01,705290382624608256,869193235918454786,_ludlocadito,offensivemem3s_
992438210528768000,992405196960686080,2018-05-04 16:18:02,955763955783340032,487834443,Lihonk1,HasanCucuk
992439313668427776,992299011091513344,2018-05-04 16:22:25,874370976259207168,2961037665,Kfowwnxidjid,PatriarchalHero
992439372388749313,981496252092174336,2018-05-04 16:22:39,891664826317000705,942020687123816448,1ampig,Koceng1442
992439913432809473,992426898729861122,2018-05-04 16:24:48,394116161,1627708843,Cegerxwins,firatefrin
992440441919373312,992062799403737088,2018-05-04 16:26:54,963106200,938887160,kuheylan_gibi,Berkbekir_
992445395375714305,992441688772808711,2018-05-04 16:46:35,843146690957840384,224609329,ArgeAmed12,hdpdemirtas
992445634484621313,992388725245206534,2018-05-04 16:47:32,339792170,869193235918454786,cemmypage,offensivemem3s_
992446859221356544,992388725245206534,2018-05-04 16:52:24,2578364904,869193235918454786,o_catorze,offensivemem3s_
992447165376196608,992355225536167936,2018-05-04 16:53:37,2561867551,955730343021219840,charivarii1,ICafrinresist
992448822151393280,992084306070827008,2018-05-04 17:00:12,3386116115,1670366851,DigitalMaho63,HDPgenelmerkezi
992449363212472320,992388725245206534,2018-05-04 17:02:21,839546695738347522,869193235918454786,lilfranxx,offensivemem3s_
992451384871092224,992116869325905920,2018-05-04 17:10:23,2534749856,897768084714508289,zlyiukrop,praviy_sector
992452160804872192,992351664827969536,2018-05-04 17:13:28,4616748514,869193235918454786,Fonsxzc,offensivemem3s_
992454367000322048,992405749761486850,2018-05-04 17:22:14,773967376475881474,92460378,MrAndersonnneo,yagizefe
992455457515167746,992199368739565568,2018-05-04 17:26:34,243726128,989645280155860992,RespublicaQc,IchHeisseEva
992458435471036416,992379176157097984,2018-05-04 17:38:24,724984265994285056,898224650177662977,inspiringsufi,CANBERK_dr
992460444571910144,836125416385572865,2018-05-04 17:46:23,3099748102,1387804657,comicsfeel,PeopleRuin
992462931790041088,992153230254616582,2018-05-04 17:56:16,47354540,738153522277945344,clannadlore,dawg_lb
992464613672472576,992463266189324289,2018-05-04 18:02:57,4765199242,435725661,slowcuts,dersi4m
992465762932674561,992097651679084545,2018-05-04 18:07:31,3084941190,917966103095242753,jamesowen980,V4Analysis
992465817467064321,992394706603540480,2018-05-04 18:07:44,798184184753823744,760324968928321536,HB5206,yenihamle
992468078167560192,992462030152974338,2018-05-04 18:16:43,2189531958,302111485,Loganeachus28,Enes_Kanter
992468497597902848,991119366434500608,2018-05-04 18:18:23,717864675283767296,3302028945,anarcasta,ElBiomechanico
992469068027498497,991742389214765057,2018-05-04 18:20:39,627288871,869193235918454786,NeitherHere_,offensivemem3s_
992469491656331264,992427970512945153,2018-05-04 18:22:20,1142312972,2844296692,german21168,Nanchinho
992469533599436800,992459683813298178,2018-05-04 18:22:30,755509950395351040,92460378,umudunu_yitirme,yagizefe
992469919504781312,992455677976236033,2018-05-04 18:24:02,743365798127796224,92460378,SapmazCafer,yagizefe
992470645102563334,992451164930297856,2018-05-04 18:26:55,948555155552854018,92460378,MertKoch,yagizefe
992470754162769920,992221871897808896,2018-05-04 18:27:21,885688085392084992,2492125436,TULTTT,agra3_kw
992471140021960704,992076145658138625,2018-05-04 18:28:53,985173995954888705,2492125436,vX1FzhQ82bmQn1r,agra3_kw
992472117315817472,992451927664463874,2018-05-04 18:32:46,866015461577822209,248829087,BajariCenk,ahamitbilici
992472767416107008,992388725245206534,2018-05-04 18:35:21,2789219991,869193235918454786,santos_marcos18,offensivemem3s_
992472922613837824,992351664827969536,2018-05-04 18:35:58,717082678827356160,869193235918454786,andrecampos_45,offensivemem3s_
992473056835723265,992419794430279681,2018-05-04 18:36:30,735548644674441216,287843201,HeathStjohn2,PoliticalIslam
992473677580193793,992095215904210944,2018-05-04 18:38:58,963884052964106241,214544700,halit_esendir2,bkenes
992476621989994496,992473631031791616,2018-05-04 18:50:40,4526348361,719153440107204608,JerryCarpente18,KurdistanAu
992476894611337216,992476606231973890,2018-05-04 18:51:45,979999632582377472,2897665331,akanm071,csagir2015
992477104330674176,992473685247381504,2018-05-04 18:52:35,1668453698,850755711441260545,Ylmaz24Adem,SerhadLordu
992478022866558976,992145372209434625,2018-05-04 18:56:14,812486272669405184,2875479268,A_Bitter_Drink,AncientEurope
992481206347419649,992446935679275011,2018-05-04 19:08:53,707977502589898752,248829087,kervanport,ahamitbilici
992481780971311106,992448324715274240,2018-05-04 19:11:10,88467528,738153522277945344,la_cates,dawg_lb
992482187827179520,987264804187451392,2018-05-04 19:12:47,760203277338312704,487834443,Zeromen0,HasanCucuk
992482326251802624,992472789201440772,2018-05-04 19:13:20,1142312972,331098333,german21168,joosearodriguez
992482527544791040,991892346282303488,2018-05-04 19:14:08,932752201,98996662,Krigisk,LordMolyneaux
992482724681220096,992473707363774464,2018-05-04 19:14:55,839935334343454720,990413232522309632,DomitiaHonoria,PunishedJBP
992483181885607936,992481166312837120,2018-05-04 19:16:44,963106200,494125690,kuheylan_gibi,geceden_Sonra
992483383216431104,992308593314562049,2018-05-04 19:17:32,381994185,732179319104122885,HaberBingol12,Bingol12haber
992484213671768065,984839122257772544,2018-05-04 19:20:50,4496497823,738153522277945344,RealWolvesUSA1,dawg_lb
992484507277250560,992404214205898753,2018-05-04 19:22:00,948393553830580225,3089155533,My_place_usa,Ann__Kelly
992486168209100801,992468364256792576,2018-05-04 19:28:36,2527780688,955730343021219840,igorbrickil5S,ICafrinresist
992486201759322118,992472725368209410,2018-05-04 19:28:44,950249475540488192,248829087,uzunyoruk,ahamitbilici
992486268884922368,992483119902097408,2018-05-04 19:29:00,1522839390,126758373,meydanfrt,emrecelikrumi
992486575077376000,992465886081634304,2018-05-04 19:30:13,1318788516,287843201,SlickSamD,PoliticalIslam
992486826735751170,992470245498470402,2018-05-04 19:31:13,248829087,2844388905,ahamitbilici,kacsaatoldunet
992487745275793408,992445214299164673,2018-05-04 19:34:52,862252685042614272,487834443,ESTTENTEN12341,HasanCucuk
992488668010024960,992483583544655872,2018-05-04 19:38:32,2922868647,21418513,sujintuj25,Haberdar
992488739317407744,992405749761486850,2018-05-04 19:38:49,942468925165654016,92460378,levent23949802,yagizefe
992490052163907591,992470245498470402,2018-05-04 19:44:02,3072592149,2844388905,vahiddin,kacsaatoldunet
992490547058302981,991436207660859392,2018-05-04 19:46:00,3883453685,2841998391,AndrewWhaling,HentaiTeengirl
992491088127643648,992388725245206534,2018-05-04 19:48:09,791760930845622272,869193235918454786,JayRugama1,offensivemem3s_
992493558597935104,992459482016792576,2018-05-04 19:57:58,977033918,832870448018886658,muhabbet_iksiri,komunisthoca
992494590375608320,992431832800034817,2018-05-04 20:02:04,2258228280,519149792,HuseyinAldemir5,ibuyukcelebi
992495886436532224,986195096210112515,2018-05-04 20:07:13,4764985268,4764985268,aklingozu,aklingozu
992496645588897792,962950877865807872,2018-05-04 20:10:14,2605915581,4764985268,gibilerle,aklingozu
992497543169880065,992388725245206534,2018-05-04 20:13:48,2763943599,869193235918454786,IaraFreitasss,offensivemem3s_
992500105902280704,992448324715274240,2018-05-04 20:23:59,785623230862200832,738153522277945344,sexygrandma15,dawg_lb
992500953130717184,992499673079406592,2018-05-04 20:27:21,941851082,723206253296640000,MPatkavak,sakirtmen57
992501020247908354,992500716873789440,2018-05-04 20:27:37,928303241770819585,302111485,kEmALCkMKHK,Enes_Kanter
992501636827316226,992027684724183043,2018-05-04 20:30:04,832337938671349761,3089497123,Amina65126904,htmmbtr
992502366640463873,992493096645603328,2018-05-04 20:32:58,597769317,2882902307,GelBahar1,hocanizcomtr
992505428444577797,992451971482308608,2018-05-04 20:45:08,157735799,282055947,patapata_chan,anfenglish
992507353638555649,992299017936584705,2018-05-04 20:52:47,2914133840,435725661,majedv29,dersi4m
992508700014280704,992499673079406592,2018-05-04 20:58:08,735255005859590144,723206253296640000,ftmAkcl,sakirtmen57
992509673118060545,992469055629017093,2018-05-04 21:02:00,4343820581,738153522277945344,carolina4POTUS,dawg_lb
992509673105428481,992508884861538304,2018-05-04 21:02:00,2835313900,784765142349258752,ResadSorgul,ameddicleT
992510595848171520,991708914029940736,2018-05-04 21:05:40,769016320683827201,326003773,Leylazc94423927,osimsek_herkul
992510939764228096,992462030152974338,2018-05-04 21:07:02,399160871,302111485,ThatGuySB,Enes_Kanter
992513565402779653,992388725245206534,2018-05-04 21:17:28,4755185554,869193235918454786,iagocaugusto,offensivemem3s_
992513678661570560,992419794430279681,2018-05-04 21:17:55,818601217739935744,287843201,otoolebrown,PoliticalIslam
992514081327284224,992512453350252545,2018-05-04 21:19:31,764827032979140608,954124423,MeadowgirlM,AmyMek
992515142486290433,992503622385614848,2018-05-04 21:23:44,883130484871573504,738153522277945344,Real_PeachyKeen,dawg_lb
992516291696168960,992486951180697601,2018-05-04 21:28:18,1114038398,723206253296640000,cnsevgi,sakirtmen57
992516623054594048,992511687755468801,2018-05-04 21:29:37,439972880,501663381,ZinePayiz,CansuOezdemir
992517503866683392,992512453350252545,2018-05-04 21:33:07,534567002,954124423,obforthepeople,AmyMek
992517642274639872,992388725245206534,2018-05-04 21:33:40,4851107068,869193235918454786,Ines_afm,offensivemem3s_
992517927491514368,992388725245206534,2018-05-04 21:34:48,739238139298975744,869193235918454786,neves_mariana03,offensivemem3s_
992519668110737408,992264394489843718,2018-05-04 21:41:43,882499759017046016,815002106,BalciogluMelda,kirkbasak1
992519793961066496,992327988598530049,2018-05-04 21:42:13,2473757377,932577628975980544,heceliyoruz,FatihKumas4
992520112732295170,992515082256093186,2018-05-04 21:43:29,2464692240,3375577991,ShahoHeval,macergifford
992520280504524800,992500716873789440,2018-05-04 21:44:09,362825985,302111485,celilyaka,Enes_Kanter
992520720876953600,992475265384116224,2018-05-04 21:45:54,37120696,2596413645,MelodyEdmondson,carrieksada
992521580738727937,992512453350252545,2018-05-04 21:49:19,3887054952,954124423,territxmom,AmyMek
992522100819841025,992314912805285888,2018-05-04 21:51:23,85817448,487834443,halilkarli,HasanCucuk
992523027765252098,992522494786580480,2018-05-04 21:55:04,723825560477175808,2574890250,NahlaNajjar3,Salanefrin
992524147623432193,992512453350252545,2018-05-04 21:59:31,708665434556469248,954124423,unctarheels5633,AmyMek
992524437051322371,992499673079406592,2018-05-04 22:00:40,990655766716612609,723206253296640000,EmekErsoysal,sakirtmen57
992525833742028801,992475612890746881,2018-05-04 22:06:13,55383126,813914393788481540,cracki,Nature_and_Race
992526253197549568,992388725245206534,2018-05-04 22:07:53,3342154072,869193235918454786,CagaNisso_,offensivemem3s_
992526760683196416,992405749761486850,2018-05-04 22:09:54,2240977737,92460378,HansanurSen,yagizefe
992528035743223808,992435416446963718,2018-05-04 22:14:58,950249475540488192,372179642,uzunyoruk,mceutv
992528258062221317,992526817662824448,2018-05-04 22:15:51,900379938,1142312972,JulioAbascal56,german21168
992529256306675713,991314452346793984,2018-05-04 22:19:49,878373563883028481,869193235918454786,pedro_reis_1,offensivemem3s_
992530158090358785,991314489885839360,2018-05-04 22:23:24,367670160,869193235918454786,AxierXegone,offensivemem3s_
992530271344918529,992351664827969536,2018-05-04 22:23:51,4794426804,869193235918454786,The_real_Bugeh,offensivemem3s_
992530556549320706,992524126593134593,2018-05-04 22:24:59,935609886817255429,618011830,SadButTrue_83,PYD_Rojava
992530871113732096,992299017936584705,2018-05-04 22:26:14,2796075862,435725661,aysar_ibrahim,dersi4m
992531810633551872,992472226833330182,2018-05-04 22:29:58,953408029831114753,719153440107204608,hassan_kamiran,KurdistanAu
992531848403169280,992486951180697601,2018-05-04 22:30:07,891306844500631553,723206253296640000,slhmlh2017,sakirtmen57
992532158781648897,992299017936584705,2018-05-04 22:31:21,811395423139074048,435725661,jaishislam07,dersi4m
992534213961437184,992453640995696646,2018-05-04 22:39:31,396806895,4808618241,abdel_guer,blackpanzermx
992536025913286657,992348807890440192,2018-05-04 22:46:43,953408029831114753,806465743957225474,hassan_kamiran,HosengHesen
992536088811114497,992504965183819777,2018-05-04 22:46:58,969250263444881408,487834443,kas1msezer,HasanCucuk
992536214673772546,992506659829309441,2018-05-04 22:47:28,3089155533,922185407571390465,Ann__Kelly,VolkishFolklore
992536604723044352,992252974075334657,2018-05-04 22:49:01,884216164917923844,954124423,KathyDutton16,AmyMek
992536759920742401,980525643585777669,2018-05-04 22:49:38,865863149278384128,869193235918454786,valeriahetaira,offensivemem3s_
992538324379332608,992486951180697601,2018-05-04 22:55:51,2364995816,723206253296640000,soyersony,sakirtmen57
992539423303786496,992504965183819777,2018-05-04 23:00:13,573400151,487834443,Bye_Bilen,HasanCucuk
992539440068333569,992493139914100740,2018-05-04 23:00:17,891552354117578752,92460378,AlbertHuzin,yagizefe
992540195051528192,992540027694575621,2018-05-04 23:03:17,980154832672776193,3344453774,Litaxxat,ac130inferno
992541327526121474,992252974075334657,2018-05-04 23:07:47,4328961073,954124423,SWTmonator,AmyMek
992542556440457216,992501030364434432,2018-05-04 23:12:40,874636442290577410,2596413645,GrizzleMeister,carrieksada
992543424669782017,992483519241867266,2018-05-04 23:16:07,843518758882885633,1071964740,midciyatirkagao,AfarinMamosta
992544687159496705,992499673079406592,2018-05-04 23:21:08,853339269318025216,723206253296640000,Dogeygunes1,sakirtmen57
992548277471064070,992470587527303169,2018-05-04 23:35:24,716113272030814208,3351844527,brunomnz18,Dois_eme
992549237983531008,992512453350252545,2018-05-04 23:39:13,988521239030521857,954124423,TricksrforMrsB,AmyMek
992549820962426882,992499673079406592,2018-05-04 23:41:32,966929209,723206253296640000,zeybek3526,sakirtmen57
992551125420195841,992546916025159680,2018-05-04 23:46:43,387813577,950598332065468416,ProTrump001,RevengeCoach
992553126078173184,992515911868350464,2018-05-04 23:54:40,247495419,2272855274,ChechenCenter,AishaManiar
992553386150154240,992351664827969536,2018-05-04 23:55:42,881960392188198913,869193235918454786,rodrilivo9,offensivemem3s_
992553868486696960,992493609609060353,2018-05-04 23:57:37,215584318,190255794,haruntokak,Cemrebirand1
992554778646470657,992516020291166208,2018-05-05 00:01:14,4789345300,2574890250,Bouzan_kobani,Salanefrin
992554841548513281,991184506441879552,2018-05-05 00:01:29,825682538416971778,2252893931,_NecdetG,NecdatG
992556259223142400,992495592722059264,2018-05-05 00:07:07,755102497031749632,2854994092,Brandon92747667,DrGruHaci
992557140048039936,992556897432756226,2018-05-05 00:10:37,2697738859,869193235918454786,TheMigueltronic,offensivemem3s_
992558536726065152,992351664827969536,2018-05-05 00:16:10,2851113772,869193235918454786,ruinuno_,offensivemem3s_
992564622682214402,992556897432756226,2018-05-05 00:40:21,746864646225862656,869193235918454786,sardonmiguel,offensivemem3s_
992565864196009984,992557996478578689,2018-05-05 00:45:17,738153522277945344,832763991487164416,dawg_lb,RealTT2020
992567382521663488,992551721321689098,2018-05-05 00:51:19,3104950051,738153522277945344,birdman8272,dawg_lb
992567520925241351,992351664827969536,2018-05-05 00:51:52,593024950,869193235918454786,_Mafaldap,offensivemem3s_
992571870431121408,992526817662824448,2018-05-05 01:09:09,3021681027,1142312972,manuelpedro661,german21168
992574542215249921,992521603102670848,2018-05-05 01:19:46,1049546142,92460378,hkubilay2,yagizefe
992574626080358401,992556897432756226,2018-05-05 01:20:06,3435027982,869193235918454786,thatsmonochrome,offensivemem3s_
992576316397498368,992554932627759104,2018-05-05 01:26:49,3709329729,1045558231,reallyo10,VFL2013
992577381763137536,990917102566600704,2018-05-05 01:31:03,2412800060,869193235918454786,datensisisisi,offensivemem3s_
992578606466502656,992573268820291587,2018-05-05 01:35:55,2303716045,2596413645,LochTheScot,carrieksada
992579827029889024,992573268820291587,2018-05-05 01:40:46,943734352491380737,2596413645,WaitWhat3017,carrieksada
992583421539958784,992572587300532224,2018-05-05 01:55:03,3072592149,849833645611372545,vahiddin,RisaleiNurSec
992583727720132608,992580451968651264,2018-05-05 01:56:16,933322572288135168,98996662,wiederDaIchBin,LordMolyneaux
992584226867437568,992431832800034817,2018-05-05 01:58:15,826583660862251008,519149792,Asaka_UK,ibuyukcelebi
992584390445121536,992569850101882880,2018-05-05 01:58:54,738153522277945344,2256965582,dawg_lb,sxdoc
992584826652774401,992274307148468225,2018-05-05 02:00:38,969699498002849792,346612013,mahmutk48303218,Ozcan_Keles
992585871038865408,992529368504250368,2018-05-05 02:04:47,3107549049,282055947,IceColdInAlex_,anfenglish
992586969925541889,992584175009005568,2018-05-05 02:09:09,991479252112564224,420629175,VicdanaH,kamilmamann
992587464840810496,992584175009005568,2018-05-05 02:11:07,1904893302,420629175,ersinduzyatan,kamilmamann
992588706379915265,992500671206297601,2018-05-05 02:16:03,880947204474544128,92460378,yasmine_karaca,yagizefe
992592426727424000,992584175009005568,2018-05-05 02:30:50,910617259608903680,420629175,canadaliyim,kamilmamann
992593890548047872,992573268820291587,2018-05-05 02:36:39,1615983480,2596413645,lois_donato,carrieksada
992595601811439617,992558330706087937,2018-05-05 02:43:27,965294214182572034,723206253296640000,belkisondur,sakirtmen57
992598470723764225,992573268820291587,2018-05-05 02:54:51,1327105052,2596413645,LancienneCour,carrieksada
992598764324929536,992388725245206534,2018-05-05 02:56:01,402696959,869193235918454786,sfzureen,offensivemem3s_
992611494037684224,992584175009005568,2018-05-05 03:46:36,811076906,420629175,elhurfree,kamilmamann
992612014135619585,992601579793547265,2018-05-05 03:48:40,3709329729,2713427480,reallyo10,adjunctprofessr
992612567762649089,990917102566600704,2018-05-05 03:50:52,100139705,869193235918454786,yyuug,offensivemem3s_
992612760684040192,990917102566600704,2018-05-05 03:51:38,3372694883,869193235918454786,_rmiro,offensivemem3s_
992612966213279744,992461333848313856,2018-05-05 03:52:27,986656653083848712,724984265994285056,RemziEfe35,inspiringsufi
992613322745884682,992609748875988997,2018-05-05 03:53:52,767721593216888832,954124423,holydognails,AmyMek
992614929176948736,992501155958837249,2018-05-05 04:00:15,518104352,2897665331,KalayciSezai,csagir2015
992615285667459073,992609748875988997,2018-05-05 04:01:40,976335205282734080,954124423,XblBandercoot,AmyMek
992615705123213312,992396994915241984,2018-05-05 04:03:20,981262210478628864,1016063701,kosovoteachers,Umit_Burcundan
992618385274847233,991321932028043265,2018-05-05 04:13:59,866104227164110848,956754820911656967,T_Poohh,CudNfyUT4CYQ2AB
992620641818959873,992618098539843592,2018-05-05 04:22:57,905920560,2927236667,tumalwas,TercoRec
992621010892546048,992472725368209410,2018-05-05 04:24:25,2379477090,248829087,EmiharN,ahamitbilici
992621824591781888,992538474501853184,2018-05-05 04:27:39,751411079947907072,511049009,Victorazulon,FNFFranco
992623749785583616,992558330706087937,2018-05-05 04:35:18,3181126786,723206253296640000,harmanci_1071,sakirtmen57
992623854630645760,992444881162338304,2018-05-05 04:35:43,4526348361,39082174,JerryCarpente18,janearraf
992624378935480320,992436081667837952,2018-05-05 04:37:48,792740843467710470,41401513,anabtawi44,mediaa
992625066801270785,992529784142999552,2018-05-05 04:40:32,946815563749380097,2473757377,merKim5,heceliyoruz
992626291517124608,992573268820291587,2018-05-05 04:45:24,519199403,2596413645,bevokegs,carrieksada
992626509616746496,992609748875988997,2018-05-05 04:46:16,969774358494367744,954124423,LisaFor33595153,AmyMek
992628472571924480,992521225929883649,2018-05-05 04:54:04,4526348361,586163145,JerryCarpente18,EndiZentarmi
992629584075067392,992609748875988997,2018-05-05 04:58:29,832006179819757569,954124423,rookieuserIm,AmyMek
992631928674242560,992526817662824448,2018-05-05 05:07:48,364261539,1142312972,Velherro,german21168
992634587871313920,992169525842989059,2018-05-05 05:18:22,823244697711812608,954124423,jkalvoda2,AmyMek
992640539576225792,992252974075334657,2018-05-05 05:42:01,55935057,954124423,Ironwand,AmyMek
992642246641094656,992573268820291587,2018-05-05 05:48:48,973927307554549760,2596413645,michelangelosas,carrieksada
992643253295042560,992294572020531200,2018-05-05 05:52:48,929805487562002432,2492125436,rbgkm200,agra3_kw
