author_id,tweet_id,time_zone,utc_offset,access
2323137780,991102360733745157,Pacific Time (US & Canada),-25200,2018-05-02 14:51:25
1016063701,991691846731649025,Athens,10800,2018-05-02 14:52:15
869193235918454786,991314489885839360,Pacific Time (US & Canada),-25200,2018-05-02 14:53:16
847735496633536512,991433704575852544,London,3600,2018-05-02 14:53:49
487834443,991617533194227712,Amsterdam,7200,2018-05-02 14:56:03
4341845536,991694254278959104,Pacific Time (US & Canada),-25200,2018-05-02 15:01:49
311118058,991664937457070080,Amsterdam,7200,2018-05-02 15:15:27
2596413645,991512017667174400,Pacific Time (US & Canada),-25200,2018-05-02 15:21:01
226224091,991699086108577792,Pacific Time (US & Canada),-25200,2018-05-02 15:21:01
738153522277945344,991476607251460096,Pacific Time (US & Canada),-25200,2018-05-02 15:25:22
2294131202,991553694788476928,Istanbul,10800,2018-05-02 15:36:41
597769317,991703028767051777,Athens,10800,2018-05-02 15:36:41
897619242,991704324773433345,London,3600,2018-05-02 15:41:50
3438438843,991640533771534337,Istanbul,10800,2018-05-02 15:43:48
3685392135,991557250656407552,Istanbul,10800,2018-05-02 15:47:39
57039681,991431323716857857,Istanbul,10800,2018-05-02 15:47:48
526110917,991431912953733121,Riga,10800,2018-05-02 15:47:48
954124423,991705917476474881,Atlantic Time (Canada),-10800,2018-05-02 15:49:56
954124423,991705917476474881,Atlantic Time (Canada),-10800,2018-05-02 15:50:14
313246922,991706438723686403,Eastern Time (US & Canada),-14400,2018-05-02 15:50:14
954124423,991704664403046400,Atlantic Time (Canada),-10800,2018-05-02 15:53:15
487834443,991689003408740352,Amsterdam,7200,2018-05-02 15:59:12
1494034783,991521489731182592,Istanbul,10800,2018-05-02 16:01:02
248829087,991698032214396928,Athens,10800,2018-05-02 16:01:02
326003773,991708914029940736,Eastern Time (US & Canada),-14400,2018-05-02 16:01:43
326003773,991708914029940736,Eastern Time (US & Canada),-14400,2018-05-02 16:05:08
954124423,991707064283156480,Atlantic Time (Canada),-10800,2018-05-02 16:11:03
597769317,991712457528836097,Athens,10800,2018-05-02 16:14:09
828627471608184832,991712671446847494,Eastern Time (US & Canada),-14400,2018-05-02 16:15:00
833263613276200962,968061890344693760,Karachi,18000,2018-05-02 16:18:40
982669803444940800,991713594202099713,Pacific Time (US & Canada),-25200,2018-05-02 16:18:40
18118505,990386281288028160,Quito,-18000,2018-05-02 16:20:56
954124423,991704664403046400,Atlantic Time (Canada),-10800,2018-05-02 16:22:56
4764985268,991570087474745344,Midway Island,-39600,2018-05-02 16:29:24
813914393788481540,991644298209906688,Pacific Time (US & Canada),-25200,2018-05-02 16:29:59
869193235918454786,982702283459788800,Pacific Time (US & Canada),-25200,2018-05-02 16:48:05
426409144,991720997140099072,Kuala Lumpur,28800,2018-05-02 16:48:05
782992706616393729,991721349449158656,Pacific Time (US & Canada),-25200,2018-05-02 16:49:29
954124423,991704664403046400,Atlantic Time (Canada),-10800,2018-05-02 16:55:46
227778796,991722930718564352,Eastern Time (US & Canada),-14400,2018-05-02 16:55:46
365854454,991723996054937601,Beijing,28800,2018-05-02 17:00:00
213555363,991724352595996672,Berlin,7200,2018-05-02 17:01:25
326003773,991708914029940736,Eastern Time (US & Canada),-14400,2018-05-02 17:01:50
924171577,991724457445265408,Paris,7200,2018-05-02 17:01:50
869193235918454786,991314489885839360,Pacific Time (US & Canada),-25200,2018-05-02 17:02:02
326003773,991708914029940736,Eastern Time (US & Canada),-14400,2018-05-02 17:07:12
92460378,991724707799076865,Atlantic Time (Canada),-10800,2018-05-02 17:08:05
326003773,991708914029940736,Eastern Time (US & Canada),-14400,2018-05-02 17:10:15
2243345659,991726575560388610,Central Time (US & Canada),-18000,2018-05-02 17:10:15
478170193,991358988536119296,Brussels,7200,2018-05-02 17:16:05
2596413645,991719202208690177,Pacific Time (US & Canada),-25200,2018-05-02 17:16:09
314024921,991728060369121280,Bogota,-18000,2018-05-02 17:16:09
2596413645,991727699344244736,Pacific Time (US & Canada),-25200,2018-05-02 17:17:07
26900055,991728303613661184,Eastern Time (US & Canada),-14400,2018-05-02 17:17:07
2596413645,991719202208690177,Pacific Time (US & Canada),-25200,2018-05-02 17:20:10
954124423,991704664403046400,Atlantic Time (Canada),-10800,2018-05-02 17:20:29
3089497123,988146901173329921,Bucharest,10800,2018-05-02 17:24:58
23074563,991725587860459520,Central Time (US & Canada),-18000,2018-05-02 17:30:27
2610615528,991731659073642496,Amsterdam,7200,2018-05-02 17:30:27
487834443,991689003408740352,Amsterdam,7200,2018-05-02 17:30:43
2360103751,991731726169853958,Amsterdam,7200,2018-05-02 17:30:43
487834443,991617533194227712,Amsterdam,7200,2018-05-02 17:34:28
954124423,991710689717817346,Atlantic Time (Canada),-10800,2018-05-02 17:35:18
954124423,991732943654703104,Atlantic Time (Canada),-10800,2018-05-02 17:40:16
29547555,991734129501921280,Eastern Time (US & Canada),-14400,2018-05-02 17:40:16
2596413645,991727699344244736,Pacific Time (US & Canada),-25200,2018-05-02 17:43:03
261749735,991734829963100160,Arizona,-25200,2018-05-02 17:43:03
487834443,991617533194227712,Amsterdam,7200,2018-05-02 17:47:41
2596413645,991727699344244736,Pacific Time (US & Canada),-25200,2018-05-02 17:48:04
326003773,991708914029940736,Eastern Time (US & Canada),-14400,2018-05-02 17:49:49
829476518,991736532859056128,Islamabad,18000,2018-05-02 17:49:49
2596413645,991719202208690177,Pacific Time (US & Canada),-25200,2018-05-02 17:55:26
728316429121036290,991738613242228738,London,3600,2018-05-02 17:58:05
1728451099,991737676507250693,Pacific Time (US & Canada),-25200,2018-05-02 18:04:22
849833645611372545,991739789404721152,Pacific Time (US & Canada),-25200,2018-05-02 18:07:06
3072592149,991740882322968577,Pacific Time (US & Canada),-25200,2018-05-02 18:07:06
2752052868,991741628942602241,Kyiv,10800,2018-05-02 18:10:04
67813133,991370923524673536,Pacific Time (US & Canada),-25200,2018-05-02 18:14:25
915820505336356865,991742723626622976,Berlin,7200,2018-05-02 18:14:25
869193235918454786,991314489885839360,Pacific Time (US & Canada),-25200,2018-05-02 18:17:34
1077181999,991413646625574912,Belgrade,7200,2018-05-02 18:20:51
951192329070825473,991744342657323008,Pacific Time (US & Canada),-25200,2018-05-02 18:20:51
4764985268,868018699617406976,Midway Island,-39600,2018-05-02 18:21:43
869193235918454786,991742425734569985,Pacific Time (US & Canada),-25200,2018-05-02 18:22:08
897768084714508289,991710184492978177,Pacific Time (US & Canada),-25200,2018-05-02 18:22:35
3687318741,991744778856484865,Pacific Time (US & Canada),-25200,2018-05-02 18:22:35
869193235918454786,991742389214765057,Pacific Time (US & Canada),-25200,2018-05-02 18:24:50
161243650,991745345100148737,Hawaii,-36000,2018-05-02 18:24:50
2844388905,991600764006125568,Istanbul,10800,2018-05-02 18:25:13
248829087,991649284859879424,Athens,10800,2018-05-02 18:25:13
954124423,991732943654703104,Atlantic Time (Canada),-10800,2018-05-02 18:27:08
823571457649184768,991743899788967936,Pacific Time (US & Canada),-25200,2018-05-02 18:28:17
738153522277945344,991746213308346368,Pacific Time (US & Canada),-25200,2018-05-02 18:28:17
780521650852884480,991746641127452672,Pacific Time (US & Canada),-25200,2018-05-02 18:29:59
287843201,991663540900687873,America/Los_Angeles,-25200,2018-05-02 18:32:47
869193235918454786,991742389214765057,Pacific Time (US & Canada),-25200,2018-05-02 18:33:18
2344991118,991747475768860674,Lisbon,3600,2018-05-02 18:33:18
326003773,991708914029940736,Eastern Time (US & Canada),-14400,2018-05-02 18:34:56
771918082034065410,991747886823043072,Pacific Time (US & Canada),-25200,2018-05-02 18:34:56
738153522277945344,991748008457875456,Pacific Time (US & Canada),-25200,2018-05-02 18:35:25
869193235918454786,991742389214765057,Pacific Time (US & Canada),-25200,2018-05-02 18:41:01
4764985268,737710858709540865,Midway Island,-39600,2018-05-02 18:41:32
51712399,991749547776004097,Istanbul,10800,2018-05-02 18:41:32
438041673,991749887510401024,Pacific Time (US & Canada),-25200,2018-05-02 18:42:53
869193235918454786,991742425734569985,Pacific Time (US & Canada),-25200,2018-05-02 18:45:38
2296768525,991750579553783808,Athens,10800,2018-05-02 18:45:38
2596413645,991722327904677888,Pacific Time (US & Canada),-25200,2018-05-02 18:46:44
738153522277945344,991751532424060929,Pacific Time (US & Canada),-25200,2018-05-02 18:50:42
193357080,991751854630449152,Arizona,-25200,2018-05-02 18:50:42
869193235918454786,985080449755119617,Pacific Time (US & Canada),-25200,2018-05-02 18:52:52
2365720046,991752399915233281,London,3600,2018-05-02 18:52:52
2596413645,991727699344244736,Pacific Time (US & Canada),-25200,2018-05-02 18:55:19
963508481780322304,991671768862658561,Istanbul,10800,2018-05-02 18:55:57
92460378,991732007859310592,Atlantic Time (Canada),-10800,2018-05-02 18:55:57
2510092890,991739207629594626,Baghdad,10800,2018-05-02 18:55:59
954124423,991704664403046400,Atlantic Time (Canada),-10800,2018-05-02 18:57:20
50258410,991753523971977218,Eastern Time (US & Canada),-14400,2018-05-02 18:57:20
738153522277945344,991751532424060929,Pacific Time (US & Canada),-25200,2018-05-02 18:58:29
487834443,987264804187451392,Amsterdam,7200,2018-05-02 18:58:36
869193235918454786,988042668612694019,Pacific Time (US & Canada),-25200,2018-05-02 19:02:50
751911896,991754908104888321,Pacific Time (US & Canada),-25200,2018-05-02 19:02:50
243726128,991755298154139648,Central Time (US & Canada),-18000,2018-05-02 19:04:23
92460378,991724707799076865,Atlantic Time (Canada),-10800,2018-05-02 19:04:34
719153440107204608,991755157447888896,Pacific Time (US & Canada),-25200,2018-05-02 19:05:14
67813133,991755512092987392,Pacific Time (US & Canada),-25200,2018-05-02 19:05:14
108524355,991241865297997824,Eastern Time (US & Canada),-14400,2018-05-02 19:05:23
2927236667,991755549812412417,Madrid,7200,2018-05-02 19:05:23
108524355,991241865297997824,Eastern Time (US & Canada),-14400,2018-05-02 19:08:33
2596413645,991752334626586624,Pacific Time (US & Canada),-25200,2018-05-02 19:11:15
941680316506411009,991385657972084737,Pacific Time (US & Canada),-25200,2018-05-02 19:17:18
22153676,991603649540427776,Berlin,7200,2018-05-02 19:17:18
870200407,991758548760702976,Amsterdam,7200,2018-05-02 19:17:18
870200407,991760008357531648,Amsterdam,7200,2018-05-02 19:23:06
954124423,991717019887329280,Atlantic Time (Canada),-10800,2018-05-02 19:25:49
286812557,991760692054282240,Pacific Time (US & Canada),-25200,2018-05-02 19:25:49
25073877,991669454823141376,Eastern Time (US & Canada),-14400,2018-05-02 19:26:15
738153522277945344,991760801097641984,Pacific Time (US & Canada),-25200,2018-05-02 19:26:15
2574890250,991760544557359104,Pacific Time (US & Canada),-25200,2018-05-02 19:29:05
365854454,991761874843648000,Beijing,28800,2018-05-02 19:30:31
487834443,991617533194227712,Amsterdam,7200,2018-05-02 19:31:18
526110917,991759556983316482,Riga,10800,2018-05-02 19:34:20
302111485,991431269513756672,Eastern Time (US & Canada),-14400,2018-05-02 19:37:16
897619242,991763619661697024,London,3600,2018-05-02 19:37:27
738153522277945344,991751532424060929,Pacific Time (US & Canada),-25200,2018-05-02 19:43:09
3344944154,991765054134669312,Central Time (US & Canada),-18000,2018-05-02 19:43:09
954124423,991717019887329280,Atlantic Time (Canada),-10800,2018-05-02 19:43:12
828115979758661632,991765188322910208,Pacific Time (US & Canada),-25200,2018-05-02 19:43:41
92460378,991686117186469889,Atlantic Time (Canada),-10800,2018-05-02 19:45:26
4764985268,847219249106112517,Midway Island,-39600,2018-05-02 19:47:58
90064632,991766266267492353,Istanbul,10800,2018-05-02 19:47:58
339233372,991413256714641410,Eastern Time (US & Canada),-14400,2018-05-02 19:49:21
869193235918454786,991766516315115522,Pacific Time (US & Canada),-25200,2018-05-02 19:49:21
2892418731,991766614390530048,Pacific Time (US & Canada),-25200,2018-05-02 19:49:21
339233372,991413256714641410,Eastern Time (US & Canada),-14400,2018-05-02 19:53:45
869193235918454786,991766516315115522,Pacific Time (US & Canada),-25200,2018-05-02 19:53:45
339233372,991413256714641410,Eastern Time (US & Canada),-14400,2018-05-02 19:55:36
869193235918454786,991766516315115522,Pacific Time (US & Canada),-25200,2018-05-02 19:55:36
3575833755,991768187267100673,Pacific Time (US & Canada),-25200,2018-05-02 19:55:36
57039681,991431323716857857,Istanbul,10800,2018-05-02 19:56:04
740683594633355265,991450765154807808,Pacific Time (US & Canada),-25200,2018-05-02 19:56:04
702303494053634049,991726590445826048,Pacific Time (US & Canada),-25200,2018-05-02 19:56:42
57734851,991769072277782529,Pacific Time (US & Canada),-25200,2018-05-02 19:59:07
828115979758661632,991771555297296384,Pacific Time (US & Canada),-25200,2018-05-02 20:08:59
2596413645,991752334626586624,Pacific Time (US & Canada),-25200,2018-05-02 20:11:18
2596413645,991719202208690177,Pacific Time (US & Canada),-25200,2018-05-02 20:21:34
339233372,991413256714641410,Eastern Time (US & Canada),-14400,2018-05-02 20:22:37
869193235918454786,991766516315115522,Pacific Time (US & Canada),-25200,2018-05-02 20:22:37
416188366,991774986233839616,Madrid,7200,2018-05-02 20:22:37
2596413645,991719202208690177,Pacific Time (US & Canada),-25200,2018-05-02 20:27:38
1370971824,991776248711000064,Eastern Time (US & Canada),-14400,2018-05-02 20:27:38
869193235918454786,991314489885839360,Pacific Time (US & Canada),-25200,2018-05-02 20:27:57
761709748614037504,991776328390184960,Pacific Time (US & Canada),-25200,2018-05-02 20:27:57
869193235918454786,991742425734569985,Pacific Time (US & Canada),-25200,2018-05-02 20:29:34
869193235918454786,991742389214765057,Pacific Time (US & Canada),-25200,2018-05-02 20:30:14
1641619117,991776903026675712,Pacific Time (US & Canada),-25200,2018-05-02 20:30:14
869193235918454786,987417286679121925,Pacific Time (US & Canada),-25200,2018-05-02 20:40:47
204176679,991779558025084928,Pacific Time (US & Canada),-25200,2018-05-02 20:40:47
4764985268,991747918095880193,Midway Island,-39600,2018-05-02 20:42:12
869193235918454786,991742389214765057,Pacific Time (US & Canada),-25200,2018-05-02 20:42:43
595205792,991780044560388097,Brasilia,-10800,2018-05-02 20:42:43
869193235918454786,991742389214765057,Pacific Time (US & Canada),-25200,2018-05-02 20:46:03
339233372,991413256714641410,Eastern Time (US & Canada),-14400,2018-05-02 20:46:22
869193235918454786,991766516315115522,Pacific Time (US & Canada),-25200,2018-05-02 20:46:22
4118915187,991780963104493569,Pacific Time (US & Canada),-25200,2018-05-02 20:46:22
738153522277945344,991751532424060929,Pacific Time (US & Canada),-25200,2018-05-02 20:48:30
738153522277945344,991751532424060929,Pacific Time (US & Canada),-25200,2018-05-02 20:49:33
954124423,991732943654703104,Atlantic Time (Canada),-10800,2018-05-02 20:53:29
51712493,991782754072358913,Brasilia,-10800,2018-05-02 20:53:29
1183512104,991783127386345476,Baghdad,10800,2018-05-02 20:54:58
4764985268,739904334079643653,Midway Island,-39600,2018-05-02 20:55:48
4764985268,991747130967588865,Midway Island,-39600,2018-05-02 20:58:09
2967680506,991783928502669312,Pacific Time (US & Canada),-25200,2018-05-02 20:58:09
869193235918454786,991742389214765057,Pacific Time (US & Canada),-25200,2018-05-02 20:58:26
851212839691976704,991783999797374976,Brasilia,-10800,2018-05-02 20:58:26
487834443,991617533194227712,Amsterdam,7200,2018-05-02 20:59:05
346612013,991770495614939137,London,3600,2018-05-02 20:59:05
963508481780322304,991671768862658561,Istanbul,10800,2018-05-02 21:00:29
420629175,991701817460494336,Greenland,-7200,2018-05-02 21:00:29
339233372,991413256714641410,Eastern Time (US & Canada),-14400,2018-05-02 21:02:33
869193235918454786,991766516315115522,Pacific Time (US & Canada),-25200,2018-05-02 21:02:33
3013136483,991785035773640705,Dublin,3600,2018-05-02 21:02:33
2596413645,991719202208690177,Pacific Time (US & Canada),-25200,2018-05-02 21:03:17
26538229,991785562158895106,Eastern Time (US & Canada),-14400,2018-05-02 21:05:22
339233372,991413256714641410,Eastern Time (US & Canada),-14400,2018-05-02 21:06:58
869193235918454786,991766516315115522,Pacific Time (US & Canada),-25200,2018-05-02 21:06:58
25073877,991690248399794176,Eastern Time (US & Canada),-14400,2018-05-02 21:08:06
745980963411267587,991786432501960704,Pacific Time (US & Canada),-25200,2018-05-02 21:08:06
311118058,991664937457070080,Amsterdam,7200,2018-05-02 21:13:52
384428299,991787883706093568,Istanbul,10800,2018-05-02 21:13:52
954124423,991704664403046400,Atlantic Time (Canada),-10800,2018-05-02 21:14:48
364610603,991788118612164609,America/Los_Angeles,-25200,2018-05-02 21:14:48
63110096,991644818173546496,Istanbul,10800,2018-05-02 21:18:27
1648905578,991789037148045312,Hawaii,-36000,2018-05-02 21:18:27
869193235918454786,986287511927443457,Pacific Time (US & Canada),-25200,2018-05-02 21:21:02
97885429,991789687265267712,Istanbul,10800,2018-05-02 21:21:02
3298302672,991775888290340865,Pacific Time (US & Canada),-25200,2018-05-02 21:24:25
869193235918454786,991790291114917890,Pacific Time (US & Canada),-25200,2018-05-02 21:25:00
18118505,991791572265193473,Quito,-18000,2018-05-02 21:29:28
2492460663,991791809578848258,Pacific Time (US & Canada),-25200,2018-05-02 21:29:28
326003773,991708914029940736,Eastern Time (US & Canada),-14400,2018-05-02 21:33:31
997894658,991792828786397184,Edinburgh,3600,2018-05-02 21:33:31
869193235918454786,991790291114917890,Pacific Time (US & Canada),-25200,2018-05-02 21:34:05
869193235918454786,989537339516047361,Pacific Time (US & Canada),-25200,2018-05-02 21:34:08
311118058,991370480962691072,Amsterdam,7200,2018-05-02 21:40:19
218078497,991787572337823744,Istanbul,10800,2018-05-02 21:40:28
285994737,991789265989324800,Eastern Time (US & Canada),-14400,2018-05-02 21:40:28
339281879,991795920000962560,Pacific Time (US & Canada),-25200,2018-05-02 21:45:48
4764985268,991773192611090433,Midway Island,-39600,2018-05-02 21:46:02
869193235918454786,991790291114917890,Pacific Time (US & Canada),-25200,2018-05-02 21:47:20
3089898207,991796305889517568,Mountain Time (US & Canada),-21600,2018-05-02 21:47:20
955730343021219840,991746850184224768,Pacific Time (US & Canada),-25200,2018-05-02 21:47:25
11325152,991796326860902400,Pacific Time (US & Canada),-25200,2018-05-02 21:47:25
4764985268,991796880404369409,Midway Island,-39600,2018-05-02 21:49:42
4764985268,991796901472296960,Midway Island,-39600,2018-05-02 21:49:42
869193235918454786,991790291114917890,Pacific Time (US & Canada),-25200,2018-05-02 21:49:58
301754043,991796968568643584,Buenos Aires,-10800,2018-05-02 21:49:58
2596413645,991719202208690177,Pacific Time (US & Canada),-25200,2018-05-02 21:52:17
869193235918454786,988874737672744962,Pacific Time (US & Canada),-25200,2018-05-02 21:53:32
954124423,991704664403046400,Atlantic Time (Canada),-10800,2018-05-02 21:58:57
4764985268,712620572249890816,Midway Island,-39600,2018-05-02 22:03:45
4764985268,991797923322134528,Midway Island,-39600,2018-05-02 22:03:45
1569194448,991800437274742790,Athens,10800,2018-05-02 22:03:45
954124423,929124219383840769,Atlantic Time (Canada),-10800,2018-05-02 22:13:22
487834443,991617533194227712,Amsterdam,7200,2018-05-02 22:14:37
962800985180721152,991802799628476416,Pacific Time (US & Canada),-25200,2018-05-02 22:16:01
526110917,991803524282494981,Riga,10800,2018-05-02 22:16:01
2459717767,991803876612374528,London,3600,2018-05-02 22:17:25
487834443,991597941289881600,Amsterdam,7200,2018-05-02 22:21:36
1575521048,991804929374408704,Pacific Time (US & Canada),-25200,2018-05-02 22:21:36
2596413645,991804155122536449,Pacific Time (US & Canada),-25200,2018-05-02 22:21:53
954124423,991704664403046400,Atlantic Time (Canada),-10800,2018-05-02 22:24:34
243726128,991806419862212608,Central Time (US & Canada),-18000,2018-05-02 22:28:36
878352770985807873,991806690952728576,Lisbon,3600,2018-05-02 22:28:36
92460378,991730160763207680,Atlantic Time (Canada),-10800,2018-05-02 22:36:28
869193235918454786,991790291114917890,Pacific Time (US & Canada),-25200,2018-05-02 22:36:53
1889899296,989172931182784512,Tokyo,32400,2018-05-02 22:38:27
869193235918454786,991314587461939200,Pacific Time (US & Canada),-25200,2018-05-02 22:39:12
2960532245,991809358555172864,Pacific Time (US & Canada),-25200,2018-05-02 22:39:12
869193235918454786,991742389214765057,Pacific Time (US & Canada),-25200,2018-05-02 22:40:37
3226948667,991809715079434242,Brasilia,-10800,2018-05-02 22:40:37
869193235918454786,991742389214765057,Pacific Time (US & Canada),-25200,2018-05-02 22:41:15
714280902,991809874437685248,Monterrey,-18000,2018-05-02 22:41:15
487834443,991634554250199043,Amsterdam,7200,2018-05-02 22:44:36
487834443,991617533194227712,Amsterdam,7200,2018-05-02 22:45:10
224609329,991669134734823429,Istanbul,10800,2018-05-02 22:45:12
282055947,991595052957929473,Amsterdam,7200,2018-05-02 22:46:58
869193235918454786,991742389214765057,Pacific Time (US & Canada),-25200,2018-05-02 22:48:53
2962172531,991811795429052416,Pacific Time (US & Canada),-25200,2018-05-02 22:48:53
869193235918454786,990917102566600704,Pacific Time (US & Canada),-25200,2018-05-02 22:49:36
946127206509527040,991811975779835904,Pacific Time (US & Canada),-25200,2018-05-02 22:49:36
22703645,991479768993402881,Eastern Time (US & Canada),-14400,2018-05-02 22:50:33
494829052,991812214876028928,Pacific Time (US & Canada),-25200,2018-05-02 22:50:33
869193235918454786,991314489885839360,Pacific Time (US & Canada),-25200,2018-05-02 22:52:35
92460378,991724707799076865,Atlantic Time (Canada),-10800,2018-05-02 22:56:49
2200055569,991813791926104064,Pacific Time (US & Canada),-25200,2018-05-02 22:56:49
872403805148553216,991735673437605888,Pacific Time (US & Canada),-25200,2018-05-02 22:58:07
724984265994285056,991814119073476608,Central America,-21600,2018-05-02 22:58:07
954124423,991704664403046400,Atlantic Time (Canada),-10800,2018-05-02 23:06:05
605731629,991816123946545153,Pacific Time (US & Canada),-25200,2018-05-02 23:06:05
248829087,991431284571467776,Athens,10800,2018-05-02 23:08:15
970812182,991816669239574528,Athens,10800,2018-05-02 23:08:15
4764985268,991816833681575936,Midway Island,-39600,2018-05-02 23:13:43
2983714610,991818044971286529,Amsterdam,7200,2018-05-02 23:13:43
723206253296640000,991773059492253702,Pacific Time (US & Canada),-25200,2018-05-02 23:14:45
326003773,991708914029940736,Eastern Time (US & Canada),-14400,2018-05-02 23:19:55
1728451099,991750218612985856,Pacific Time (US & Canada),-25200,2018-05-02 23:20:53
326003773,991708914029940736,Eastern Time (US & Canada),-14400,2018-05-02 23:23:49
869193235918454786,991314587461939200,Pacific Time (US & Canada),-25200,2018-05-02 23:25:23
248829087,991802695890735104,Athens,10800,2018-05-02 23:41:24
869193235918454786,991742389214765057,Pacific Time (US & Canada),-25200,2018-05-02 23:55:17
3244598766,991828505557057536,Pacific Time (US & Canada),-25200,2018-05-02 23:55:17
487834443,991617533194227712,Amsterdam,7200,2018-05-03 00:05:48
869193235918454786,991742425734569985,Pacific Time (US & Canada),-25200,2018-05-03 00:08:25
3323960308,991831810639302656,Pacific Time (US & Canada),-25200,2018-05-03 00:08:25
869193235918454786,991314489885839360,Pacific Time (US & Canada),-25200,2018-05-03 00:18:54
248829087,991802695890735104,Athens,10800,2018-05-03 00:19:53
1100079385,991834696354091014,Central Time (US & Canada),-18000,2018-05-03 00:19:53
1480212992,991644924973125633,Istanbul,10800,2018-05-03 00:30:02
863105632576180228,991837493946470401,Pacific Time (US & Canada),-25200,2018-05-03 00:31:00
15738333,991699853523718147,Eastern Time (US & Canada),-14400,2018-05-03 00:43:49
92460378,991840719349297153,Atlantic Time (Canada),-10800,2018-05-03 00:43:49
847735496633536512,991433449704747008,London,3600,2018-05-03 00:44:52
963508481780322304,991671768862658561,Istanbul,10800,2018-05-03 00:50:31
420629175,991701817460494336,Greenland,-7200,2018-05-03 00:50:31
914008442364248065,991842405467934725,Pacific Time (US & Canada),-25200,2018-05-03 00:50:31
954124423,991704664403046400,Atlantic Time (Canada),-10800,2018-05-03 00:56:35
704391334128394240,991723805092478976,Pacific Time (US & Canada),-25200,2018-05-03 00:58:00
327610738,991852604115357696,Central Time (US & Canada),-18000,2018-05-03 01:33:13
2596413645,991719202208690177,Pacific Time (US & Canada),-25200,2018-05-03 01:36:23
360308302,991853948184268800,Eastern Time (US & Canada),-14400,2018-05-03 01:36:23
591505507,991853539570868224,Pacific Time (US & Canada),-25200,2018-05-03 01:36:29
2596413645,991853973370847233,Pacific Time (US & Canada),-25200,2018-05-03 01:36:29
326003773,991843945968644097,Eastern Time (US & Canada),-14400,2018-05-03 01:48:50
98996662,991858255747002369,Eastern Time (US & Canada),-14400,2018-05-03 01:53:30
2596413645,991719202208690177,Pacific Time (US & Canada),-25200,2018-05-03 02:02:55
1374607968,991860625512062976,Eastern Time (US & Canada),-14400,2018-05-03 02:02:55
954124423,991704664403046400,Atlantic Time (Canada),-10800,2018-05-03 02:12:52
954124423,991704664403046400,Atlantic Time (Canada),-10800,2018-05-03 02:23:27
2596413645,991719202208690177,Pacific Time (US & Canada),-25200,2018-05-03 02:27:30
18118505,991791572265193473,Quito,-18000,2018-05-03 02:29:32
843124666931822592,991561969470787584,Pacific Time (US & Canada),-25200,2018-05-03 02:35:33
954124423,991704664403046400,Atlantic Time (Canada),-10800,2018-05-03 02:49:32
954124423,990439126540390400,Atlantic Time (Canada),-10800,2018-05-03 02:50:07
2596413645,991752334626586624,Pacific Time (US & Canada),-25200,2018-05-03 02:56:17
954124423,991704664403046400,Atlantic Time (Canada),-10800,2018-05-03 03:04:35
1690876802,991876144436625408,America/New_York,-14400,2018-05-03 03:04:35
869193235918454786,985349652831768576,Pacific Time (US & Canada),-25200,2018-05-03 03:06:07
547524046,991876530321084416,Hanoi,25200,2018-05-03 03:06:07
897619242,991875009604812800,London,3600,2018-05-03 03:06:16
2173508552,991876568090796032,Eastern Time (US & Canada),-14400,2018-05-03 03:06:16
92460378,991724707799076865,Atlantic Time (Canada),-10800,2018-05-03 03:16:34
92460378,991724707799076865,Atlantic Time (Canada),-10800,2018-05-03 03:20:26
963106200,991596953149628417,Istanbul,10800,2018-05-03 03:38:40
806465743957225474,991886470829883392,Pacific Time (US & Canada),-25200,2018-05-03 03:45:37
326003773,991843945968644097,Eastern Time (US & Canada),-14400,2018-05-03 03:48:37
869193235918454786,991790291114917890,Pacific Time (US & Canada),-25200,2018-05-03 03:51:30
2879420413,991887951427653632,Pacific Time (US & Canada),-25200,2018-05-03 03:51:30
724984265994285056,991891348822212609,Central America,-21600,2018-05-03 04:05:00
18118505,991781703248117761,Quito,-18000,2018-05-03 04:17:10
580829419,991894410626400257,Pretoria,7200,2018-05-03 04:17:10
31270875,991844747386937344,America/Detroit,-14400,2018-05-03 04:19:35
738153522277945344,991895018800529408,Pacific Time (US & Canada),-25200,2018-05-03 04:19:35
98996662,991751495484919808,Eastern Time (US & Canada),-14400,2018-05-03 04:19:43
2532821389,991798147339956224,Istanbul,10800,2018-05-03 04:24:40
2897665331,991896243461910528,Bucharest,10800,2018-05-03 04:24:40
526110917,991896298096943104,Riga,10800,2018-05-03 04:24:40
1442695026,991899708061863937,Jakarta,25200,2018-05-03 04:38:13
92460378,991735077385199616,Atlantic Time (Canada),-10800,2018-05-03 05:18:24
723206253296640000,991773059492253702,Pacific Time (US & Canada),-25200,2018-05-03 05:20:39
287843201,991660402244108289,America/Los_Angeles,-25200,2018-05-03 05:26:45
811487629732519936,991911921883398145,Pacific Time (US & Canada),-25200,2018-05-03 05:26:45
954124423,991704664403046400,Atlantic Time (Canada),-10800,2018-05-03 05:27:09
4764985268,991747130967588865,Midway Island,-39600,2018-05-03 05:34:52
2565653759,991913964484399104,Athens,10800,2018-05-03 05:34:52
869193235918454786,991790291114917890,Pacific Time (US & Canada),-25200,2018-05-03 05:42:53
1493827735,991916191676620800,Pacific Time (US & Canada),-25200,2018-05-03 05:43:43
869193235918454786,991314489885839360,Pacific Time (US & Canada),-25200,2018-05-03 05:50:30
599782570,991917898733010944,Kuala Lumpur,28800,2018-05-03 05:50:30
280921458,991766893638946822,Istanbul,10800,2018-05-03 05:51:47
1137779952,991918221707173888,Berlin,7200,2018-05-03 05:51:47
326003773,991708914029940736,Eastern Time (US & Canada),-14400,2018-05-03 05:53:26
180131554,991918636926414848,Istanbul,10800,2018-05-03 05:53:26
980747573077135360,991919370933686274,Pacific Time (US & Canada),-25200,2018-05-03 05:56:21
829611235,991920180442927105,Pacific Time (US & Canada),-25200,2018-05-03 05:59:34
75293774,991829082844352512,Quito,-18000,2018-05-03 06:35:41
917052608258375680,991929269495517185,Brussels,7200,2018-05-03 06:35:41
869193235918454786,991790291114917890,Pacific Time (US & Canada),-25200,2018-05-03 06:36:46
224649124,991933895808552960,London,3600,2018-05-03 06:54:04
390822157,991926903324971008,Quito,-18000,2018-05-03 06:57:47
2835313900,991934831171919872,Ljubljana,7200,2018-05-03 06:57:47
4764985268,991816833681575936,Midway Island,-39600,2018-05-03 07:13:51
916999946393579520,991938874447364096,Istanbul,10800,2018-05-03 07:13:51
728316429121036290,991734553692852224,London,3600,2018-05-03 07:16:21
92460378,991795822676316166,Atlantic Time (Canada),-10800,2018-05-03 07:17:49
551204851,991939872708587521,Pacific Time (US & Canada),-25200,2018-05-03 07:17:49
3089497123,991636514542145537,Bucharest,10800,2018-05-03 07:22:43
1012058653,991685938861527040,Istanbul,10800,2018-05-03 07:26:04
869193235918454786,991742425734569985,Pacific Time (US & Canada),-25200,2018-05-03 07:29:42
2231091494,991894179788808192,Kabul,16200,2018-05-03 07:29:59
738153522277945344,991751532424060929,Pacific Time (US & Canada),-25200,2018-05-03 07:36:58
272621942,991943821935239168,Istanbul,10800,2018-05-03 07:43:13
3188856912,991941694458335232,Asia/Baghdad,10800,2018-05-03 07:46:36
954124423,991704664403046400,Atlantic Time (Canada),-10800,2018-05-03 07:52:21
2399831642,991948647133798401,Istanbul,10800,2018-05-03 07:54:52
842126244577697793,991949196658921472,Pacific Time (US & Canada),-25200,2018-05-03 07:54:52
326003773,991843945968644097,Eastern Time (US & Canada),-14400,2018-05-03 07:56:14
2707152541,991949947422560257,Pacific Time (US & Canada),-25200,2018-05-03 07:57:51
2532821389,991798147339956224,Istanbul,10800,2018-05-03 08:03:33
2897665331,991896243461910528,Bucharest,10800,2018-05-03 08:03:33
419660743,991946143864107008,Eastern Time (US & Canada),-14400,2018-05-03 08:05:26
419658583,991946299586072579,Central Time (US & Canada),-18000,2018-05-03 08:05:26
326003773,991708914029940736,Eastern Time (US & Canada),-14400,2018-05-03 08:15:55
977292810,991954494060670976,Amsterdam,7200,2018-05-03 08:15:55
326003773,991843945968644097,Eastern Time (US & Canada),-14400,2018-05-03 08:34:48
2249111382,991959246181928960,New Delhi,19800,2018-05-03 08:34:48
796385860975493120,991958981903110144,Brussels,7200,2018-05-03 08:35:36
4460767336,991959472707948544,Pacific Time (US & Canada),-25200,2018-05-03 08:35:42
2323137780,991957667076886529,Pacific Time (US & Canada),-25200,2018-05-03 08:41:39
287843201,991966129034756096,America/Los_Angeles,-25200,2018-05-03 09:02:09
869193235918454786,991742389214765057,Pacific Time (US & Canada),-25200,2018-05-03 09:05:36
955730343021219840,991964874044473349,Pacific Time (US & Canada),-25200,2018-05-03 09:14:49
763788888095719424,991959803579822080,Pacific Time (US & Canada),-25200,2018-05-03 09:21:29
760324968928321536,991972173022543872,Pacific Time (US & Canada),-25200,2018-05-03 09:26:10
92460378,991858219231465472,Atlantic Time (Canada),-10800,2018-05-03 09:28:49
728316429121036290,991808440971481096,London,3600,2018-05-03 09:42:55
773092873,991967703308165120,Baghdad,10800,2018-05-03 09:43:00
842832962492272641,991976732256239619,Pacific Time (US & Canada),-25200,2018-05-03 09:44:17
326003773,991843945968644097,Eastern Time (US & Canada),-14400,2018-05-03 09:46:24
843030505423421440,991977264928645120,Pacific Time (US & Canada),-25200,2018-05-03 09:46:24
2834511,991980152790761472,Ljubljana,7200,2018-05-03 09:58:36
4764985268,991747130967588865,Midway Island,-39600,2018-05-03 09:59:15
832527390756708352,991980658103869440,Pacific Time (US & Canada),-25200,2018-05-03 09:59:53
4059738563,991983187269160961,Pacific Time (US & Canada),-25200,2018-05-03 10:09:56
954124423,991704664403046400,Atlantic Time (Canada),-10800,2018-05-03 10:26:49
2238196389,991987436120141824,Amsterdam,7200,2018-05-03 10:26:49
871592156,991987486455947265,Madrid,7200,2018-05-03 10:27:01
3072592149,991987570312654848,Pacific Time (US & Canada),-25200,2018-05-03 10:27:21
2596413645,991719202208690177,Pacific Time (US & Canada),-25200,2018-05-03 10:33:20
249452591,991989076080451584,Central Time (US & Canada),-18000,2018-05-03 10:33:20
954124423,991732943654703104,Atlantic Time (Canada),-10800,2018-05-03 10:34:17
2729233513,991989315168174081,Melbourne,36000,2018-05-03 10:34:17
93399809,991982023177854976,Karachi,18000,2018-05-03 10:40:26
109900053,991990862862278657,Islamabad,18000,2018-05-03 10:40:26
2596413645,991719202208690177,Pacific Time (US & Canada),-25200,2018-05-03 10:47:32
577483196,991999669873139712,Pacific Time (US & Canada),-25200,2018-05-03 11:16:46
758635313640017920,992000006444859392,Pacific Time (US & Canada),-25200,2018-05-03 11:16:46
2852359916,888709202205564928,New Delhi,19800,2018-05-03 11:23:16
2852359916,889130539600330761,New Delhi,19800,2018-05-03 11:23:27
311118058,991664937457070080,Amsterdam,7200,2018-05-03 11:25:56
2323137780,991675655040438273,Pacific Time (US & Canada),-25200,2018-05-03 11:29:34
265944968,992005219943927808,Greenland,-7200,2018-05-03 11:37:29
265944968,992005327724929025,Greenland,-7200,2018-05-03 11:53:48
780508596949823488,991999783719067655,Eastern Time (US & Canada),-14400,2018-05-03 11:59:25
526110917,992010739673165824,Riga,10800,2018-05-03 11:59:25
326003773,991843945968644097,Eastern Time (US & Canada),-14400,2018-05-03 12:04:40
19950500,992012062149750784,Dublin,3600,2018-05-03 12:05:52
487834443,992011382106345473,Amsterdam,7200,2018-05-03 12:10:56
2236703862,992013885396996103,Amsterdam,7200,2018-05-03 12:11:55
98996662,991892346282303488,Eastern Time (US & Canada),-14400,2018-05-03 12:16:11
948096513594548224,992014959142948865,Pacific Time (US & Canada),-25200,2018-05-03 12:16:11
282055947,991970147693940736,Amsterdam,7200,2018-05-03 12:16:14
2192010002,992014971729952768,Mountain Time (US & Canada),-21600,2018-05-03 12:16:14
14505245,991822144081420293,Central Time (US & Canada),-18000,2018-05-03 12:16:29
787776888097927169,990637056161386498,Berlin,7200,2018-05-03 12:16:56
629715036,992015147886694401,Bern,7200,2018-05-03 12:16:56
19349900,992014695895896065,London,3600,2018-05-03 12:16:56
869193235918454786,991742425734569985,Pacific Time (US & Canada),-25200,2018-05-03 12:17:47
4896364384,992015361808756738,Pacific Time (US & Canada),-25200,2018-05-03 12:17:47
963106200,991788838493278209,Istanbul,10800,2018-05-03 12:22:09
782861332865544192,992016695014363137,Brussels,7200,2018-05-03 12:23:59
2267873731,992016922077270021,Istanbul,10800,2018-05-03 12:23:59
526964408,992016549954379776,Pacific Time (US & Canada),-25200,2018-05-03 12:36:25
439972880,992020051040579591,Paris,7200,2018-05-03 12:36:25
4655362155,992015131415601154,Istanbul,10800,2018-05-03 12:39:53
2375855172,992020923443302401,Volgograd,10800,2018-05-03 12:39:53
487834443,992011382106345473,Amsterdam,7200,2018-05-03 12:47:09
365854454,992023024768450560,Beijing,28800,2018-05-03 12:48:14
2596413645,991878164782575616,Pacific Time (US & Canada),-25200,2018-05-03 12:52:24
4197139332,992024073348628481,Pacific Time (US & Canada),-25200,2018-05-03 12:52:24
287843201,991966129034756096,America/Los_Angeles,-25200,2018-05-03 13:00:10
964005722123010048,992026027923791873,Pacific Time (US & Canada),-25200,2018-05-03 13:00:10
4059738563,992027357497188352,Pacific Time (US & Canada),-25200,2018-05-03 13:05:27
2596413645,991366082362408960,Pacific Time (US & Canada),-25200,2018-05-03 13:06:58
41905954,992027810502852610,Pacific Time (US & Canada),-25200,2018-05-03 13:07:15
2841998391,989456148964216832,Madrid,7200,2018-05-03 13:11:48
1556722608,992028955514429441,Eastern Time (US & Canada),-14400,2018-05-03 13:11:48
27849241,992029500409032704,Amsterdam,7200,2018-05-03 13:14:56
4460767336,992029744047755265,Pacific Time (US & Canada),-25200,2018-05-03 13:14:56
2596413645,991719202208690177,Pacific Time (US & Canada),-25200,2018-05-03 13:16:21
3735364760,991724676907843584,New Delhi,19800,2018-05-03 13:16:24
977416865268903936,992030113163239424,Pacific Time (US & Canada),-25200,2018-05-03 13:16:24
954124423,991704664403046400,Atlantic Time (Canada),-10800,2018-05-03 13:17:34
399745111,992030406751944704,Pacific Time (US & Canada),-25200,2018-05-03 13:17:34
2596413645,991910010165735424,Pacific Time (US & Canada),-25200,2018-05-03 13:21:45
2727237768,992032516482785286,Stockholm,7200,2018-05-03 13:25:57
14505245,991826645358002176,Central Time (US & Canada),-18000,2018-05-03 13:35:52
980690669697163264,992035070843080704,Pacific Time (US & Canada),-25200,2018-05-03 13:36:06
2596413645,991719202208690177,Pacific Time (US & Canada),-25200,2018-05-03 13:36:42
287843201,991966129034756096,America/Los_Angeles,-25200,2018-05-03 13:36:43
830105896906809344,992035225998909440,Central Time (US & Canada),-18000,2018-05-03 13:36:43
577483196,992021641172578304,Pacific Time (US & Canada),-25200,2018-05-03 13:38:49
869193235918454786,992032842271125505,Pacific Time (US & Canada),-25200,2018-05-03 13:43:02
763120751876726785,992036815656890369,Lisbon,3600,2018-05-03 13:43:02
165255622,992043258103717888,Pacific Time (US & Canada),-25200,2018-05-03 14:08:38
493935668,992045162338635776,Amsterdam,7200,2018-05-03 14:16:12
287843201,992039578629427200,America/Los_Angeles,-25200,2018-05-03 14:20:02
38164483,992015964224081921,London,3600,2018-05-03 14:26:26
2897665331,992047737603526664,Bucharest,10800,2018-05-03 14:26:26
3302455838,992021613154652161,Pacific Time (US & Canada),-25200,2018-05-03 14:44:21
2610615528,992052246509752320,Amsterdam,7200,2018-05-03 14:44:21
700383754305589248,992040400092352512,Pacific Time (US & Canada),-25200,2018-05-03 14:45:25
955730343021219840,992052466551349249,Pacific Time (US & Canada),-25200,2018-05-03 14:45:53
963981559,992052632394006529,Madrid,7200,2018-05-03 14:45:53
954124423,991704664403046400,Atlantic Time (Canada),-10800,2018-05-03 14:53:16
748859969777332225,992054490458042368,Pacific Time (US & Canada),-25200,2018-05-03 14:53:16
869193235918454786,992032842271125505,Pacific Time (US & Canada),-25200,2018-05-03 15:01:58
100681091,992056679888965632,Kuala Lumpur,28800,2018-05-03 15:01:58
487834443,992011382106345473,Amsterdam,7200,2018-05-03 15:12:05
213555363,992059263563517952,Berlin,7200,2018-05-03 15:12:14
869193235918454786,991742389214765057,Pacific Time (US & Canada),-25200,2018-05-03 15:18:21
2941037842,992060802881544194,Pacific Time (US & Canada),-25200,2018-05-03 15:18:21
365854454,992061218109112328,Beijing,28800,2018-05-03 15:20:00
954124423,991704664403046400,Atlantic Time (Canada),-10800,2018-05-03 15:29:27
3735364760,929321343224496128,New Delhi,19800,2018-05-03 15:45:49
287843201,992050178386411520,America/Los_Angeles,-25200,2018-05-03 15:48:27
897768084714508289,992017618004529152,Pacific Time (US & Canada),-25200,2018-05-03 15:49:55
98996662,991832735634329601,Eastern Time (US & Canada),-14400,2018-05-03 16:01:39
988365677395230720,992071699670581248,Pacific Time (US & Canada),-25200,2018-05-03 16:01:39
3072592149,992071842277003264,Pacific Time (US & Canada),-25200,2018-05-03 16:02:13
326003773,992059166901579777,Eastern Time (US & Canada),-14400,2018-05-03 16:04:49
842326982754889729,992072496605159424,Istanbul,10800,2018-05-03 16:04:49
897619242,991256105799086081,London,3600,2018-05-03 16:05:06
954124423,992071302826602496,Atlantic Time (Canada),-10800,2018-05-03 16:06:55
2596413645,992064725277032448,Pacific Time (US & Canada),-25200,2018-05-03 16:12:53
334389274,992074526656614400,Pacific Time (US & Canada),-25200,2018-05-03 16:12:53
2492125436,992076145658138625,Pacific Time (US & Canada),-25200,2018-05-03 16:19:19
1387804657,836125416385572865,Eastern Time (US & Canada),-14400,2018-05-03 16:21:37
267612841,992076724451004416,Hawaii,-36000,2018-05-03 16:21:37
326003773,991843945968644097,Eastern Time (US & Canada),-14400,2018-05-03 16:22:17
2904896141,991794489483243526,Pacific Time (US & Canada),-25200,2018-05-03 16:22:57
2844296692,991957732642246656,Madrid,7200,2018-05-03 16:22:57
103106629,991985749749878784,Eastern Time (US & Canada),-14400,2018-05-03 16:26:43
2596413645,992077520089501696,Pacific Time (US & Canada),-25200,2018-05-03 16:26:43
4704963747,992078007908040704,Eastern Time (US & Canada),-14400,2018-05-03 16:26:43
954124423,991704664403046400,Atlantic Time (Canada),-10800,2018-05-03 16:27:40
869193235918454786,992032842271125505,Pacific Time (US & Canada),-25200,2018-05-03 16:27:48
869193235918454786,992078033963180032,Pacific Time (US & Canada),-25200,2018-05-03 16:28:19
977033918,991872359723249664,Moscow,10800,2018-05-03 16:36:33
98996662,991732829150236672,Eastern Time (US & Canada),-14400,2018-05-03 16:38:12
326003773,991708914029940736,Eastern Time (US & Canada),-14400,2018-05-03 16:45:04
4829167311,992082625845178368,GMT+6,-21600,2018-05-03 16:45:04
2236703862,992074169360797697,Amsterdam,7200,2018-05-03 16:50:16
2379205176,992083934455435265,Athens,10800,2018-05-03 16:50:16
806465743957225474,992065167667159041,Pacific Time (US & Canada),-25200,2018-05-03 16:51:14
1565320682,992087764555345922,Pacific Time (US & Canada),-25200,2018-05-03 17:07:34
2709759714,992088288155463681,Kyiv,10800,2018-05-03 17:07:34
725314701769474048,986368710964281344,Pacific Time (US & Canada),-25200,2018-05-03 17:11:28
954124423,991710689717817346,Atlantic Time (Canada),-10800,2018-05-03 17:14:04
900453568192409600,992089923921440768,Pacific Time (US & Canada),-25200,2018-05-03 17:14:04
98996662,992087994189340672,Eastern Time (US & Canada),-14400,2018-05-03 17:14:19
2596413645,992064725277032448,Pacific Time (US & Canada),-25200,2018-05-03 17:15:12
554223333,992090209129922560,Pacific Time (US & Canada),-25200,2018-05-03 17:15:12
954124423,992071302826602496,Atlantic Time (Canada),-10800,2018-05-03 17:19:18
27587056,992091240945532928,Central Time (US & Canada),-18000,2018-05-03 17:19:18
4717892303,992090069329625088,Midway Island,-39600,2018-05-03 17:20:29
701962488,992091538749468672,Amsterdam,7200,2018-05-03 17:20:29
869193235918454786,992078033963180032,Pacific Time (US & Canada),-25200,2018-05-03 17:23:45
1387804657,836125416385572865,Eastern Time (US & Canada),-14400,2018-05-03 17:25:21
969550572,992092763477893120,Amsterdam,7200,2018-05-03 17:25:21
813914393788481540,992094353840422912,Pacific Time (US & Canada),-25200,2018-05-03 17:33:26
1679079326,992093901879046146,London,3600,2018-05-03 17:42:57
2596413645,992064725277032448,Pacific Time (US & Canada),-25200,2018-05-03 17:53:14
532459682,992099780556832768,Pacific Time (US & Canada),-25200,2018-05-03 17:53:14
2596413645,992055216731181057,Pacific Time (US & Canada),-25200,2018-05-03 17:58:36
595089669,992101131122823170,Eastern Time (US & Canada),-14400,2018-05-03 17:58:36
4764985268,845187280142680065,Midway Island,-39600,2018-05-03 18:00:12
51712399,992101533746638848,Istanbul,10800,2018-05-03 18:00:12
21846861,991964350985490433,London,3600,2018-05-03 18:00:50
3089155533,992101693167980546,Bern,7200,2018-05-03 18:00:50
4872688372,992074452384075777,Pacific Time (US & Canada),-25200,2018-05-03 18:02:02
702563472937103360,992101995136929793,Pacific Time (US & Canada),-25200,2018-05-03 18:02:02
869193235918454786,961674284585320449,Pacific Time (US & Canada),-25200,2018-05-03 18:05:06
869193235918454786,991790291114917890,Pacific Time (US & Canada),-25200,2018-05-03 18:06:35
358605459,992103140194373633,Kuala Lumpur,28800,2018-05-03 18:06:35
869193235918454786,991742389214765057,Pacific Time (US & Canada),-25200,2018-05-03 18:08:35
2897665331,992078828460748800,Bucharest,10800,2018-05-03 18:10:01
526110917,992104004216852485,Riga,10800,2018-05-03 18:10:01
326003773,991843945968644097,Eastern Time (US & Canada),-14400,2018-05-03 18:11:05
869193235918454786,992078033963180032,Pacific Time (US & Canada),-25200,2018-05-03 18:18:46
2240790542,992106206218113030,Buenos Aires,-10800,2018-05-03 18:18:46
3072592149,992076586781433856,Pacific Time (US & Canada),-25200,2018-05-03 18:20:00
717605675866652672,992106516617617411,Pacific Time (US & Canada),-25200,2018-05-03 18:20:00
98996662,991892346282303488,Eastern Time (US & Canada),-14400,2018-05-03 18:27:49
420542453,992058937586409472,Istanbul,10800,2018-05-03 18:33:51
782861332865544192,992046066102042636,Brussels,7200,2018-05-03 18:43:07
2596413645,991752334626586624,Pacific Time (US & Canada),-25200,2018-05-03 18:50:04
954124423,991732943654703104,Atlantic Time (Canada),-10800,2018-05-03 18:50:17
22214019,992114137667981312,Central Time (US & Canada),-18000,2018-05-03 18:50:17
92460378,992109739613081600,Atlantic Time (Canada),-10800,2018-05-03 18:56:51
190171522,991689267184394240,Istanbul,10800,2018-05-03 18:59:32
92460378,991818201070821376,Atlantic Time (Canada),-10800,2018-05-03 18:59:32
827421830,991899255324401664,Istanbul,10800,2018-05-03 19:00:07
954124423,991732943654703104,Atlantic Time (Canada),-10800,2018-05-03 19:02:35
804703292,992117233055748096,New Delhi,19800,2018-05-03 19:02:35
87818409,992071667542384640,London,3600,2018-05-03 19:03:15
869193235918454786,990917102566600704,Pacific Time (US & Canada),-25200,2018-05-03 19:04:13
2566316774,992117644089159680,Pacific Time (US & Canada),-25200,2018-05-03 19:04:13
88435040,991417618950172672,Lisbon,3600,2018-05-03 19:05:35
717864675283767296,992117988034826241,Pacific Time (US & Canada),-25200,2018-05-03 19:05:35
92460378,992102347328380928,Atlantic Time (Canada),-10800,2018-05-03 19:06:52
1493926051,992120647219367936,Bern,7200,2018-05-03 19:16:09
1231779054,992117593770164224,Pacific Time (US & Canada),-25200,2018-05-03 19:22:15
869193235918454786,992120763204493312,Pacific Time (US & Canada),-25200,2018-05-03 19:22:22
869193235918454786,992078033963180032,Pacific Time (US & Canada),-25200,2018-05-03 19:22:56
2972589989,992122354288480256,Mexico City,-18000,2018-05-03 19:22:56
869193235918454786,992078033963180032,Pacific Time (US & Canada),-25200,2018-05-03 19:34:08
869193235918454786,991742425734569985,Pacific Time (US & Canada),-25200,2018-05-03 19:34:10
1681075291,992125181232668674,Amsterdam,7200,2018-05-03 19:34:10
2900328521,992095692737822720,Pacific Time (US & Canada),-25200,2018-05-03 19:38:48
836999466615992320,992126347282669568,Pacific Time (US & Canada),-25200,2018-05-03 19:38:48
719153440107204608,992116256785526784,Pacific Time (US & Canada),-25200,2018-05-03 19:39:14
725314701769474048,986373103314972673,Pacific Time (US & Canada),-25200,2018-05-03 19:40:22
954124423,992071302826602496,Atlantic Time (Canada),-10800,2018-05-03 19:42:17
954124423,992071302826602496,Atlantic Time (Canada),-10800,2018-05-03 19:42:50
3284288924,992127362283143168,Pacific Time (US & Canada),-25200,2018-05-03 19:42:50
738153522277945344,992099325902704640,Pacific Time (US & Canada),-25200,2018-05-03 19:44:04
909823492635455489,992129040030060544,Pacific Time (US & Canada),-25200,2018-05-03 19:49:30
813914393788481540,991994545507364864,Pacific Time (US & Canada),-25200,2018-05-03 19:58:56
869193235918454786,992078033963180032,Pacific Time (US & Canada),-25200,2018-05-03 20:03:33
4221699933,992132575815782401,Pacific Time (US & Canada),-25200,2018-05-03 20:03:33
869193235918454786,992032842271125505,Pacific Time (US & Canada),-25200,2018-05-03 20:05:51
1927758978,992133154625523713,Lisbon,3600,2018-05-03 20:05:51
526110917,992134706526289920,Riga,10800,2018-05-03 20:12:01
954124423,992130657538232320,Atlantic Time (Canada),-10800,2018-05-03 20:13:52
954124423,992130657538232320,Atlantic Time (Canada),-10800,2018-05-03 20:14:49
2596413645,992114380023128064,Pacific Time (US & Canada),-25200,2018-05-03 20:15:48
869193235918454786,992120763204493312,Pacific Time (US & Canada),-25200,2018-05-03 20:15:50
4764985268,704242403067170816,Midway Island,-39600,2018-05-03 20:19:51
3089155533,992106230922514432,Bern,7200,2018-05-03 20:20:04
708832290714025984,992136732350009345,Pacific Time (US & Canada),-25200,2018-05-03 20:20:04
813914393788481540,992102228390330368,Pacific Time (US & Canada),-25200,2018-05-03 20:25:18
287843201,992106697345777664,America/Los_Angeles,-25200,2018-05-03 20:28:12
12823832,992138779195518977,Eastern Time (US & Canada),-14400,2018-05-03 20:28:12
869193235918454786,991742389214765057,Pacific Time (US & Canada),-25200,2018-05-03 20:30:22
254125352,992139324446650369,Madrid,7200,2018-05-03 20:30:22
869193235918454786,992120763204493312,Pacific Time (US & Canada),-25200,2018-05-03 20:30:28
637193670,992139349612486657,Baghdad,10800,2018-05-03 20:30:28
869193235918454786,992032842271125505,Pacific Time (US & Canada),-25200,2018-05-03 20:32:19
1289055127,992139815197007872,Lisbon,3600,2018-05-03 20:32:19
847396059315716097,992140805161738240,Pacific Time (US & Canada),-25200,2018-05-03 20:36:29
526110917,992140863773003776,Riga,10800,2018-05-03 20:36:29
346612013,991977929415458819,London,3600,2018-05-03 20:43:16
855023671324422145,992142570854715392,Pacific Time (US & Canada),-25200,2018-05-03 20:43:16
1071964740,992142334778314758,Stockholm,7200,2018-05-03 20:44:33
977465493471756288,992142893811945473,Pacific Time (US & Canada),-25200,2018-05-03 20:44:33
4717892303,992123769975132162,Midway Island,-39600,2018-05-03 20:44:37
701962488,992142910589108224,Amsterdam,7200,2018-05-03 20:44:37
2236703862,992143292237217793,Amsterdam,7200,2018-05-03 20:46:08
3685392135,992117273241554944,Istanbul,10800,2018-05-03 20:51:17
2798022131,992144588298248193,Pacific Time (US & Canada),-25200,2018-05-03 20:51:17
4764985268,991747130967588865,Midway Island,-39600,2018-05-03 20:52:18
719995838,992144844150755330,Istanbul,10800,2018-05-03 20:52:18
2236703862,992145041291464705,Amsterdam,7200,2018-05-03 20:53:05
3101985905,992145817212542976,Brasilia,-10800,2018-05-03 20:56:10
869193235918454786,992032842271125505,Pacific Time (US & Canada),-25200,2018-05-03 20:58:00
764932334525218817,991391260505182208,Pacific Time (US & Canada),-25200,2018-05-03 21:04:24
3004512429,992088698278658048,Bucharest,10800,2018-05-03 21:05:38
515233484,992148199581331456,Paris,7200,2018-05-03 21:05:38
305798955,992149504001478656,London,3600,2018-05-03 21:10:49
2492125436,992135011276083202,Pacific Time (US & Canada),-25200,2018-05-03 21:12:00
1493926051,992150401595133953,Bern,7200,2018-05-03 21:14:23
287843201,992050178386411520,America/Los_Angeles,-25200,2018-05-03 21:18:35
954124423,992052356723429376,Atlantic Time (Canada),-10800,2018-05-03 21:19:43
98996662,992085305741201409,Eastern Time (US & Canada),-14400,2018-05-03 21:24:49
98996662,990646134367510533,Eastern Time (US & Canada),-14400,2018-05-03 21:31:30
2596413645,992064725277032448,Pacific Time (US & Canada),-25200,2018-05-03 21:31:51
92460378,991724707799076865,Atlantic Time (Canada),-10800,2018-05-03 21:39:08
287843201,992039578629427200,America/Los_Angeles,-25200,2018-05-03 21:39:52
98996662,990309268141301760,Eastern Time (US & Canada),-14400,2018-05-03 21:44:22
954124423,992130657538232320,Atlantic Time (Canada),-10800,2018-05-03 21:45:10
899377680465797121,992158148482887680,Pacific Time (US & Canada),-25200,2018-05-03 21:45:10
487834443,991018821245861888,Amsterdam,7200,2018-05-03 21:50:59
4321321235,992159733929922560,Pacific Time (US & Canada),-25200,2018-05-03 21:51:28
2900328521,991942445255585793,Pacific Time (US & Canada),-25200,2018-05-03 21:52:33
98996662,991892346282303488,Eastern Time (US & Canada),-14400,2018-05-03 21:55:34
869193235918454786,992120763204493312,Pacific Time (US & Canada),-25200,2018-05-03 21:56:20
92460378,992151813628411905,Atlantic Time (Canada),-10800,2018-05-03 22:06:40
869193235918454786,991314489885839360,Pacific Time (US & Canada),-25200,2018-05-03 22:07:14
461041915,992142137750769664,Greenland,-7200,2018-05-03 22:12:13
1648905578,992164955834212357,Hawaii,-36000,2018-05-03 22:12:13
2473757377,986325236294520833,Berlin,7200,2018-05-03 22:13:56
1536657750,992165387864297472,Europe/Berlin,7200,2018-05-03 22:13:56
487834443,991617533194227712,Amsterdam,7200,2018-05-03 22:16:51
869193235918454786,991742425734569985,Pacific Time (US & Canada),-25200,2018-05-03 22:18:08
2390038434,992166444799578112,Dublin,3600,2018-05-03 22:18:08
4779809419,992113805726400512,Pacific Time (US & Canada),-25200,2018-05-03 22:21:22
302111485,992165842140913665,Eastern Time (US & Canada),-14400,2018-05-03 22:33:36
760324968928321536,992151818854588416,Pacific Time (US & Canada),-25200,2018-05-03 22:34:03
228663912,992141924491583495,Athens,10800,2018-05-03 22:36:24
248829087,992151036352753671,Athens,10800,2018-05-03 22:36:24
2596413645,991878164782575616,Pacific Time (US & Canada),-25200,2018-05-03 22:37:03
30516193,992171205351395334,Central Time (US & Canada),-18000,2018-05-03 22:37:03
23330998,991687828961710081,Abu Dhabi,14400,2018-05-03 22:39:26
302111485,992165842140913665,Eastern Time (US & Canada),-14400,2018-05-03 22:46:48
302111485,992165842140913665,Eastern Time (US & Canada),-14400,2018-05-03 22:47:19
243726128,992176066537156608,Central Time (US & Canada),-18000,2018-05-03 22:56:22
302111485,992165842140913665,Eastern Time (US & Canada),-14400,2018-05-03 22:58:44
509709661,992176662140936192,Atlantic Time (Canada),-10800,2018-05-03 22:58:44
822583765121830914,992080293153697792,Pacific Time (US & Canada),-25200,2018-05-03 23:05:50
820412797,992167931659206657,Athens,10800,2018-05-03 23:06:53
488018270,992178713138786304,Madrid,7200,2018-05-03 23:06:53
954124423,992169525842989059,Atlantic Time (Canada),-10800,2018-05-03 23:22:52
21447363,992185174942191617,Alaska,-28800,2018-05-03 23:37:39
869193235918454786,992120763204493312,Pacific Time (US & Canada),-25200,2018-05-03 23:38:15
558074898,992186606839910401,London,3600,2018-05-03 23:38:15
126758373,991677658361745410,America/New_York,-14400,2018-05-03 23:39:16
738153522277945344,992187605058912256,Pacific Time (US & Canada),-25200,2018-05-03 23:42:13
954124423,992169525842989059,Atlantic Time (Canada),-10800,2018-05-03 23:54:52
302111485,992165842140913665,Eastern Time (US & Canada),-14400,2018-05-04 00:02:01
126758373,992147339207901184,America/New_York,-14400,2018-05-04 00:17:56
954124423,992175492081037313,Atlantic Time (Canada),-10800,2018-05-04 00:17:58
2596413645,992198556394995712,Pacific Time (US & Canada),-25200,2018-05-04 00:25:44
1912095728,992090770810191872,London,3600,2018-05-04 00:32:03
25300494,992200146040573953,Central Time (US & Canada),-18000,2018-05-04 00:32:03
326003773,991843945968644097,Eastern Time (US & Canada),-14400,2018-05-04 00:33:18
252675316,992200460605026304,Istanbul,10800,2018-05-04 00:33:18
813914393788481540,992155466120749058,Pacific Time (US & Canada),-25200,2018-05-04 00:35:28
918326119174086657,992201005864386560,Sydney,36000,2018-05-04 00:35:28
954124423,992071302826602496,Atlantic Time (Canada),-10800,2018-05-04 00:36:36
3089155533,992106230922514432,Bern,7200,2018-05-04 01:02:30
302111485,992165842140913665,Eastern Time (US & Canada),-14400,2018-05-04 01:02:46
914534536083632128,992209797155053568,Belgrade,7200,2018-05-04 01:10:24
738153522277945344,992099325902704640,Pacific Time (US & Canada),-25200,2018-05-04 01:10:35
1016063701,992097608184164354,Athens,10800,2018-05-04 01:30:44
1527599310,992214914201804805,Istanbul,10800,2018-05-04 01:30:44
302111485,992165842140913665,Eastern Time (US & Canada),-14400,2018-05-04 01:31:34
98996662,991911349155434496,Eastern Time (US & Canada),-14400,2018-05-04 01:34:23
721502167811489792,992215832758374400,Pacific Time (US & Canada),-25200,2018-05-04 01:34:23
3244921294,992176633229561856,Pacific Time (US & Canada),-25200,2018-05-04 01:36:49
37030566,992216445114355713,Pacific Time (US & Canada),-25200,2018-05-04 01:36:49
2841998391,992215242796097537,Madrid,7200,2018-05-04 01:38:23
131249283,992069925027090433,Eastern Time (US & Canada),-14400,2018-05-04 01:42:27
2841998391,992215814949556224,Madrid,7200,2018-05-04 01:46:54
3766406902,992218982664032257,Pacific Time (US & Canada),-25200,2018-05-04 01:46:54
738153522277945344,992208832301428736,Pacific Time (US & Canada),-25200,2018-05-04 02:00:43
2256965582,992222459733725184,Central Time (US & Canada),-18000,2018-05-04 02:00:43
2841998391,992215242796097537,Madrid,7200,2018-05-04 02:01:46
1315939014,992222723995848705,Central Time (US & Canada),-18000,2018-05-04 02:01:46
2841998391,992218453569392640,Madrid,7200,2018-05-04 02:02:23
954124423,992130657538232320,Atlantic Time (Canada),-10800,2018-05-04 02:21:41
577483196,992171357252280320,Pacific Time (US & Canada),-25200,2018-05-04 02:21:42
2451324481,992205451621208064,Kyiv,10800,2018-05-04 02:21:42
302111485,992165842140913665,Eastern Time (US & Canada),-14400,2018-05-04 02:29:59
73834352,992229824923086849,Central Time (US & Canada),-18000,2018-05-04 02:29:59
782861332865544192,992046066102042636,Brussels,7200,2018-05-04 02:43:41
954124423,992169525842989059,Atlantic Time (Canada),-10800,2018-05-04 03:01:53
92460378,992188160250712064,Atlantic Time (Canada),-10800,2018-05-04 03:02:51
92460378,992109739613081600,Atlantic Time (Canada),-10800,2018-05-04 03:21:12
2492125436,992244450486173697,Pacific Time (US & Canada),-25200,2018-05-04 03:28:06
577483196,992171357252280320,Pacific Time (US & Canada),-25200,2018-05-04 03:28:24
3244921294,992167949984124928,Pacific Time (US & Canada),-25200,2018-05-04 03:31:48
699270330142101504,992245381617483778,Pacific Time (US & Canada),-25200,2018-05-04 03:31:48
738153522277945344,992099325902704640,Pacific Time (US & Canada),-25200,2018-05-04 03:36:38
177699382,992246597957304320,Central Time (US & Canada),-18000,2018-05-04 03:36:38
98996662,988147436777623554,Eastern Time (US & Canada),-14400,2018-05-04 03:51:16
987733753136107520,992250280577126400,Pacific Time (US & Canada),-25200,2018-05-04 03:51:16
98996662,992124355512557568,Eastern Time (US & Canada),-14400,2018-05-04 03:54:11
2688607812,992251014580350977,Pacific Time (US & Canada),-25200,2018-05-04 03:54:11
703380528867713024,992237745958420480,Pacific Time (US & Canada),-25200,2018-05-04 03:56:07
952591214,992251501086031873,Athens,10800,2018-05-04 03:56:07
723206253296640000,992202977162211328,Pacific Time (US & Canada),-25200,2018-05-04 03:57:02
954124423,987716173281230849,Atlantic Time (Canada),-10800,2018-05-04 04:00:00
18557659,992252478375710726,Tehran,16200,2018-05-04 04:00:00
3685392135,992257187857612800,Istanbul,10800,2018-05-04 04:21:38
914534536083632128,992262670526042114,Belgrade,7200,2018-05-04 04:40:30
3150638263,991890602827513857,Hawaii,-36000,2018-05-04 05:16:29
92460378,992109739613081600,Atlantic Time (Canada),-10800,2018-05-04 05:18:19
954124423,992071302826602496,Atlantic Time (Canada),-10800,2018-05-04 05:19:24
2205302725,992275001792315393,Kyiv,10800,2018-05-04 05:29:30
716897231023054848,992261497463095297,Istanbul,10800,2018-05-04 05:39:42
4341845536,992277568702173186,Pacific Time (US & Canada),-25200,2018-05-04 05:39:42
954124423,992071302826602496,Atlantic Time (Canada),-10800,2018-05-04 05:51:54
930137275,992280638945349633,Central Time (US & Canada),-18000,2018-05-04 05:51:54
2205302725,992275885230190592,Kyiv,10800,2018-05-04 05:59:13
954124423,991717019887329280,Atlantic Time (Canada),-10800,2018-05-04 05:59:45
884682316240396288,990539316303671296,Pacific Time (US & Canada),-25200,2018-05-04 06:33:41
326003773,990544407337291782,Eastern Time (US & Canada),-14400,2018-05-04 06:33:41
762606113749688320,992291154057023490,Pacific Time (US & Canada),-25200,2018-05-04 06:33:41
954124423,992169525842989059,Atlantic Time (Canada),-10800,2018-05-04 06:42:51
827944764062445570,992293460911603715,Pacific Time (US & Canada),-25200,2018-05-04 06:42:51
2755430545,992294042628075520,Baghdad,10800,2018-05-04 06:46:14
24026131,992294312346963970,Melbourne,36000,2018-05-04 06:46:14
2532821389,991457812373962752,Istanbul,10800,2018-05-04 06:53:44
1016063701,992138322028920832,Athens,10800,2018-05-04 06:53:44
759778500354060288,992296199804735488,Pacific Time (US & Canada),-25200,2018-05-04 06:53:44
2755430545,992293701585059840,Baghdad,10800,2018-05-04 06:57:15
1728451099,992083208358518784,Pacific Time (US & Canada),-25200,2018-05-04 07:04:32
855023671324422145,992301455246700546,Pacific Time (US & Canada),-25200,2018-05-04 07:14:37
738153522277945344,992208832301428736,Pacific Time (US & Canada),-25200,2018-05-04 07:25:06
92460378,992109739613081600,Atlantic Time (Canada),-10800,2018-05-04 07:26:32
247874198,992298277105106944,Casablanca,3600,2018-05-04 07:30:30
4460767336,992305452452007936,Pacific Time (US & Canada),-25200,2018-05-04 07:30:30
954124423,992252974075334657,Atlantic Time (Canada),-10800,2018-05-04 07:37:17
716436965281964032,992008790991101953,Pacific Time (US & Canada),-25200,2018-05-04 07:53:06
1493926051,992311139907264512,Bern,7200,2018-05-04 07:53:06
435725661,992299017936584705,Bern,7200,2018-05-04 07:59:29
703380528867713024,992237745958420480,Pacific Time (US & Canada),-25200,2018-05-04 07:59:39
2492125436,992076145658138625,Pacific Time (US & Canada),-25200,2018-05-04 08:01:24
1493926051,992315124504444928,Bern,7200,2018-05-04 08:08:56
4764985268,988522780370128897,Midway Island,-39600,2018-05-04 08:14:15
4764985268,988670845936685056,Midway Island,-39600,2018-05-04 08:15:46
52791854,992316844165029888,Casablanca,3600,2018-05-04 08:15:46
4059738563,992317024524296192,Pacific Time (US & Canada),-25200,2018-05-04 08:16:29
2574890250,992319897605738496,Pacific Time (US & Canada),-25200,2018-05-04 08:27:54
2755430545,992294042628075520,Baghdad,10800,2018-05-04 08:49:21
3360626662,992325295704330240,Paris,7200,2018-05-04 08:49:21
149800990,992176351284219904,Istanbul,10800,2018-05-04 09:00:50
2963674583,992329452225945600,Istanbul,10800,2018-05-04 09:05:52
3089155533,842807519177261056,Bern,7200,2018-05-04 09:05:53
950572626438709248,992329456449736704,Caracas,-14400,2018-05-04 09:05:53
326003773,991843945968644097,Eastern Time (US & Canada),-14400,2018-05-04 09:07:36
814540174369681408,992312255201996802,Pacific Time (US & Canada),-25200,2018-05-04 09:08:32
2492125436,992076145658138625,Pacific Time (US & Canada),-25200,2018-05-04 09:22:52
3089155533,992106230922514432,Bern,7200,2018-05-04 09:42:44
34754202,992338730039037952,Europe/Lisbon,3600,2018-05-04 09:42:44
287843201,992328480657412097,America/Los_Angeles,-25200,2018-05-04 09:51:51
521142615,992341024335777793,Tokyo,32400,2018-05-04 09:51:51
3244921294,992170434161455117,Pacific Time (US & Canada),-25200,2018-05-04 09:58:47
3089155533,992106230922514432,Bern,7200,2018-05-04 10:02:54
3244921294,992167949984124928,Pacific Time (US & Canada),-25200,2018-05-04 10:09:50
1643916739,992345549981519874,Paris,7200,2018-05-04 10:09:50
954124423,992252974075334657,Atlantic Time (Canada),-10800,2018-05-04 10:19:33
966289722476826626,992347995256643584,Eastern Time (US & Canada),-14400,2018-05-04 10:19:33
253702889,992323495517474816,Istanbul,10800,2018-05-04 10:21:49
597769317,992347168580292608,Athens,10800,2018-05-04 10:21:49
703380528867713024,992237745958420480,Pacific Time (US & Canada),-25200,2018-05-04 10:23:04
3855272473,992295719565385730,Pacific Time (US & Canada),-25200,2018-05-04 10:32:46
717864675283767296,992351321339629568,Pacific Time (US & Canada),-25200,2018-05-04 10:32:46
825719207383990272,992351556245819392,Pacific Time (US & Canada),-25200,2018-05-04 10:33:42
1231779054,992341990808477697,Pacific Time (US & Canada),-25200,2018-05-04 10:34:51
869193235918454786,992351664827969536,Pacific Time (US & Canada),-25200,2018-05-04 10:36:12
2755430545,992296892095582208,Baghdad,10800,2018-05-04 10:39:59
314668323,992353137460686848,Buenos Aires,-10800,2018-05-04 10:39:59
869193235918454786,992351664827969536,Pacific Time (US & Canada),-25200,2018-05-04 10:43:10
711227821461524480,992353938581180417,Pacific Time (US & Canada),-25200,2018-05-04 10:43:10
869193235918454786,992351664827969536,Pacific Time (US & Canada),-25200,2018-05-04 10:44:27
3056175858,992354261555138560,Pacific Time (US & Canada),-25200,2018-05-04 10:44:27
556307338,992353034222145536,Athens,10800,2018-05-04 10:45:40
925062626543063045,992354567751905280,Pacific Time (US & Canada),-25200,2018-05-04 10:45:40
3244921294,992170434161455117,Pacific Time (US & Canada),-25200,2018-05-04 10:48:44
42634217,992355339503915008,Bern,7200,2018-05-04 10:48:44
872403805148553216,992166826929938432,Pacific Time (US & Canada),-25200,2018-05-04 10:53:48
869193235918454786,992351664827969536,Pacific Time (US & Canada),-25200,2018-05-04 10:55:49
954124423,992252974075334657,Atlantic Time (Canada),-10800,2018-05-04 11:01:56
1018422037,992358661359001600,Brisbane,36000,2018-05-04 11:01:56
738153522277945344,992208832301428736,Pacific Time (US & Canada),-25200,2018-05-04 11:07:18
589131862,992354863173586944,Athens,10800,2018-05-04 11:09:09
526110917,992360477496836096,Riga,10800,2018-05-04 11:09:09
4764985268,822087411710787584,Midway Island,-39600,2018-05-04 11:10:04
92460378,992109739613081600,Atlantic Time (Canada),-10800,2018-05-04 11:12:35
869193235918454786,992351664827969536,Pacific Time (US & Canada),-25200,2018-05-04 11:25:19
265944968,992365254813339648,Greenland,-7200,2018-05-04 11:28:08
101477788,992317906917748736,Brussels,7200,2018-05-04 11:40:14
435725661,992299017936584705,Bern,7200,2018-05-04 11:51:29
334216781,992371131058413568,Greenland,-7200,2018-05-04 11:51:29
3233939991,992371558864781312,Kiev,10800,2018-05-04 11:53:11
3302455838,992029834275622912,Pacific Time (US & Canada),-25200,2018-05-04 11:54:03
2610615528,992371776956100608,Amsterdam,7200,2018-05-04 11:54:03
18999708,992134996604354560,Eastern Time (US & Canada),-14400,2018-05-04 11:56:25
248829087,992372372568182784,Athens,10800,2018-05-04 11:56:25
487834443,992314912805285888,Amsterdam,7200,2018-05-04 11:59:59
869193235918454786,992351664827969536,Pacific Time (US & Canada),-25200,2018-05-04 12:17:30
577483196,992117492381310980,Pacific Time (US & Canada),-25200,2018-05-04 12:17:35
1728451099,992378215233703936,Pacific Time (US & Canada),-25200,2018-05-04 12:19:38
3685392135,992117273241554944,Istanbul,10800,2018-05-04 12:21:21
1379066754,992147310200217600,Amsterdam,7200,2018-05-04 12:24:23
954124423,992252974075334657,Atlantic Time (Canada),-10800,2018-05-04 12:29:11
935212483,992380618548883456,Central Time (US & Canada),-18000,2018-05-04 12:29:11
954124423,992252974075334657,Atlantic Time (Canada),-10800,2018-05-04 12:39:38
42916620,992383248390148097,Eastern Time (US & Canada),-14400,2018-05-04 12:39:38
738153522277945344,984839122257772544,Pacific Time (US & Canada),-25200,2018-05-04 12:45:15
954124423,992252974075334657,Atlantic Time (Canada),-10800,2018-05-04 12:47:43
806465743957225474,992065167667159041,Pacific Time (US & Canada),-25200,2018-05-04 12:51:44
519149792,992388269081006080,Eastern Time (US & Canada),-14400,2018-05-04 13:00:23
2574890250,992192046428491776,Pacific Time (US & Canada),-25200,2018-05-04 13:01:43
3244921294,992342076523188225,Pacific Time (US & Canada),-25200,2018-05-04 13:01:43
2464786264,991991597314297856,Pacific Time (US & Canada),-25200,2018-05-04 13:07:09
346612013,992274307148468225,London,3600,2018-05-04 13:07:09
869193235918454786,992388725245206534,Pacific Time (US & Canada),-25200,2018-05-04 13:08:26
116203932,992390496147378181,Caracas,-14400,2018-05-04 13:08:26
869193235918454786,992078033963180032,Pacific Time (US & Canada),-25200,2018-05-04 13:09:47
487834443,992314912805285888,Amsterdam,7200,2018-05-04 13:11:18
936471530,992391217555083265,Pacific Time (US & Canada),-25200,2018-05-04 13:11:18
2479362006,992388700159070208,Amsterdam,7200,2018-05-04 13:20:35
2834579854,992394103219539969,Eastern Time (US & Canada),-14400,2018-05-04 13:24:11
3302455838,992394459781484544,Pacific Time (US & Canada),-25200,2018-05-04 13:24:11
954124423,991704664403046400,Atlantic Time (Canada),-10800,2018-05-04 13:26:03
3244921294,992167949984124928,Pacific Time (US & Canada),-25200,2018-05-04 13:38:51
2848259559,992398150735458305,Eastern Time (US & Canada),-14400,2018-05-04 13:38:51
980850283222831104,992398230431285248,Pacific Time (US & Canada),-25200,2018-05-04 13:39:10
396558686,992398335309893635,Bern,7200,2018-05-04 13:39:35
869193235918454786,992388725245206534,Pacific Time (US & Canada),-25200,2018-05-04 13:45:12
869193235918454786,988042668612694019,Pacific Time (US & Canada),-25200,2018-05-04 13:45:59
1048320475,992399945901789184,Pacific Time (US & Canada),-25200,2018-05-04 13:45:59
3140905040,992400164601188352,Pacific Time (US & Canada),-25200,2018-05-04 13:47:04
4764985268,704244068759392256,Midway Island,-39600,2018-05-04 14:00:25
1474079635,992403578173222912,Baghdad,10800,2018-05-04 14:00:25
287843201,992403576512102400,America/Los_Angeles,-25200,2018-05-04 14:05:13
25073877,992348740529815552,Eastern Time (US & Canada),-14400,2018-05-04 14:05:20
72931184,992404170790572032,Central Time (US & Canada),-18000,2018-05-04 14:05:20
205622130,992403812416704512,Moscow,10800,2018-05-04 14:05:46
365854454,992389631474831365,Beijing,28800,2018-05-04 14:06:34
869193235918454786,992078033963180032,Pacific Time (US & Canada),-25200,2018-05-04 14:07:28
2759222943,992405352380620800,London,3600,2018-05-04 14:07:28
869193235918454786,992388725245206534,Pacific Time (US & Canada),-25200,2018-05-04 14:09:28
3028977622,992405855667736581,Pacific Time (US & Canada),-25200,2018-05-04 14:09:28
302111485,992165842140913665,Eastern Time (US & Canada),-14400,2018-05-04 14:13:44
821587284617293825,992406929430466560,Pacific Time (US & Canada),-25200,2018-05-04 14:13:44
869193235918454786,992388725245206534,Pacific Time (US & Canada),-25200,2018-05-04 14:18:13
869193235918454786,976169124308144128,Pacific Time (US & Canada),-25200,2018-05-04 14:20:13
3089155533,992404214205898753,Bern,7200,2018-05-04 14:25:49
3863081907,992409970283954181,Pacific Time (US & Canada),-25200,2018-05-04 14:25:49
92460378,992405749761486850,Atlantic Time (Canada),-10800,2018-05-04 14:27:09
365854454,992413539649359873,Beijing,28800,2018-05-04 14:40:00
4853299955,992413661279981569,London,3600,2018-05-04 14:40:29
2492125436,992076145658138625,Pacific Time (US & Canada),-25200,2018-05-04 14:47:27
738153522277945344,992153230254616582,Pacific Time (US & Canada),-25200,2018-05-04 14:50:19
115842047,992416135915155458,Eastern Time (US & Canada),-14400,2018-05-04 14:50:19
577483196,992389440587919361,Pacific Time (US & Canada),-25200,2018-05-04 14:51:15
978970601292476416,992207918324994048,Pacific Time (US & Canada),-25200,2018-05-04 14:51:22
3709329729,992416400156315649,Eastern Time (US & Canada),-14400,2018-05-04 14:51:22
714724252495249408,992416201035976705,Pacific Time (US & Canada),-25200,2018-05-04 14:54:23
526110917,992417159329583104,Riga,10800,2018-05-04 14:54:23
869193235918454786,992078033963180032,Pacific Time (US & Canada),-25200,2018-05-04 15:05:57
952050035109351425,992420070180708352,Santiago,-10800,2018-05-04 15:05:57
869193235918454786,992388725245206534,Pacific Time (US & Canada),-25200,2018-05-04 15:09:35
287843201,992419794430279681,America/Los_Angeles,-25200,2018-05-04 15:12:22
954124423,992252974075334657,Atlantic Time (Canada),-10800,2018-05-04 15:13:55
2678355564,992422859413839873,London,3600,2018-05-04 15:17:02
869193235918454786,992388725245206534,Pacific Time (US & Canada),-25200,2018-05-04 15:17:41
3202318371,992423022970789888,Pacific Time (US & Canada),-25200,2018-05-04 15:17:41
282055947,992360910458155008,Amsterdam,7200,2018-05-04 15:28:46
869193235918454786,992351664827969536,Pacific Time (US & Canada),-25200,2018-05-04 15:33:50
4249891167,992427087272267781,Pacific Time (US & Canada),-25200,2018-05-04 15:33:50
23330998,991687828961710081,Abu Dhabi,14400,2018-05-04 15:42:18
2678355564,992429217970343936,London,3600,2018-05-04 15:42:18
630302721,992427313714335745,Jerusalem,10800,2018-05-04 15:46:58
869193235918454786,992388725245206534,Pacific Time (US & Canada),-25200,2018-05-04 15:47:07
869193235918454786,992388725245206534,Pacific Time (US & Canada),-25200,2018-05-04 15:57:51
171649111,992433131264315392,Buenos Aires,-10800,2018-05-04 15:57:51
372179642,992434792187736064,Berlin,7200,2018-05-04 16:04:27
92460378,992405749761486850,Atlantic Time (Canada),-10800,2018-05-04 16:10:01
1728451099,992413420141121537,Pacific Time (US & Canada),-25200,2018-05-04 16:12:02
954124423,992252974075334657,Atlantic Time (Canada),-10800,2018-05-04 16:12:21
287843201,992408506463535104,America/Los_Angeles,-25200,2018-05-04 16:12:51
869193235918454786,992388725245206534,Pacific Time (US & Canada),-25200,2018-05-04 16:16:01
705290382624608256,992437703051497478,Pacific Time (US & Canada),-25200,2018-05-04 16:16:01
487834443,992405196960686080,Amsterdam,7200,2018-05-04 16:18:02
1627708843,992426898729861122,Amsterdam,7200,2018-05-04 16:24:48
394116161,992439913432809473,Athens,10800,2018-05-04 16:24:48
938887160,992062799403737088,Athens,10800,2018-05-04 16:26:54
963106200,992440441919373312,Istanbul,10800,2018-05-04 16:26:54
2913180110,992445152114434048,London,3600,2018-05-04 16:45:37
224609329,992441688772808711,Istanbul,10800,2018-05-04 16:46:35
869193235918454786,992388725245206534,Pacific Time (US & Canada),-25200,2018-05-04 16:47:32
339792170,992445634484621313,Istanbul,10800,2018-05-04 16:47:32
869193235918454786,992388725245206534,Pacific Time (US & Canada),-25200,2018-05-04 16:52:24
2578364904,992446859221356544,Pacific Time (US & Canada),-25200,2018-05-04 16:52:24
955730343021219840,992355225536167936,Pacific Time (US & Canada),-25200,2018-05-04 16:53:37
526110917,992447828101357569,Riga,10800,2018-05-04 16:56:15
1670366851,992084306070827008,Istanbul,10800,2018-05-04 17:00:12
3386116115,992448822151393280,Brussels,7200,2018-05-04 17:00:12
869193235918454786,992388725245206534,Pacific Time (US & Canada),-25200,2018-05-04 17:02:21
897768084714508289,992116869325905920,Pacific Time (US & Canada),-25200,2018-05-04 17:10:23
2534749856,992451384871092224,Kyiv,10800,2018-05-04 17:10:23
869193235918454786,992351664827969536,Pacific Time (US & Canada),-25200,2018-05-04 17:13:28
92460378,992405749761486850,Atlantic Time (Canada),-10800,2018-05-04 17:22:14
98996662,992454505412382721,Eastern Time (US & Canada),-14400,2018-05-04 17:22:47
243726128,992455457515167746,Central Time (US & Canada),-18000,2018-05-04 17:26:34
724984265994285056,992458435471036416,Central America,-21600,2018-05-04 17:38:24
1387804657,836125416385572865,Eastern Time (US & Canada),-14400,2018-05-04 17:46:23
3099748102,992460444571910144,Eastern Time (US & Canada),-14400,2018-05-04 17:46:23
4764985268,900349995395686405,Midway Island,-39600,2018-05-04 17:48:47
922155197660622857,992461048513953792,Pacific Time (US & Canada),-25200,2018-05-04 17:48:47
970231896,992461216307122177,Amsterdam,7200,2018-05-04 17:49:27
302111485,992462030152974338,Eastern Time (US & Canada),-14400,2018-05-04 17:53:19
532545074,992462189402484737,Atlantic Time (Canada),-10800,2018-05-04 17:53:19
738153522277945344,992153230254616582,Pacific Time (US & Canada),-25200,2018-05-04 17:56:16
47354540,992462931790041088,Eastern Time (US & Canada),-14400,2018-05-04 17:56:16
435725661,992463266189324289,Bern,7200,2018-05-04 18:02:57
4765199242,992464613672472576,Pacific Time (US & Canada),-25200,2018-05-04 18:02:57
16440677,991837241759621120,Eastern Time (US & Canada),-14400,2018-05-04 18:07:31
917966103095242753,992097651679084545,Bratislava,7200,2018-05-04 18:07:31
760324968928321536,992394706603540480,Pacific Time (US & Canada),-25200,2018-05-04 18:07:44
890891,992402360893952000,Pacific Time (US & Canada),-25200,2018-05-04 18:16:43
302111485,992462030152974338,Eastern Time (US & Canada),-14400,2018-05-04 18:16:43
2189531958,992468078167560192,Eastern Time (US & Canada),-14400,2018-05-04 18:16:43
3302028945,991119366434500608,Madrid,7200,2018-05-04 18:18:23
717864675283767296,992468497597902848,Pacific Time (US & Canada),-25200,2018-05-04 18:18:23
869193235918454786,991742389214765057,Pacific Time (US & Canada),-25200,2018-05-04 18:20:39
627288871,992469068027498497,Dublin,3600,2018-05-04 18:20:39
2844296692,992427970512945153,Madrid,7200,2018-05-04 18:22:20
92460378,992459683813298178,Atlantic Time (Canada),-10800,2018-05-04 18:22:30
92460378,992455677976236033,Atlantic Time (Canada),-10800,2018-05-04 18:24:02
92460378,992451164930297856,Atlantic Time (Canada),-10800,2018-05-04 18:26:55
2492125436,992221871897808896,Pacific Time (US & Canada),-25200,2018-05-04 18:27:21
2492125436,992076145658138625,Pacific Time (US & Canada),-25200,2018-05-04 18:28:53
1494034783,992358716388401152,Istanbul,10800,2018-05-04 18:32:46
248829087,992451927664463874,Athens,10800,2018-05-04 18:32:46
869193235918454786,992388725245206534,Pacific Time (US & Canada),-25200,2018-05-04 18:35:21
2789219991,992472767416107008,Pacific Time (US & Canada),-25200,2018-05-04 18:35:21
869193235918454786,992351664827969536,Pacific Time (US & Canada),-25200,2018-05-04 18:35:58
287843201,992419794430279681,America/Los_Angeles,-25200,2018-05-04 18:36:30
963884052964106241,992473677580193793,Pacific Time (US & Canada),-25200,2018-05-04 18:38:58
719153440107204608,992473631031791616,Pacific Time (US & Canada),-25200,2018-05-04 18:50:40
2844388905,992470245498470402,Istanbul,10800,2018-05-04 18:51:45
2897665331,992476606231973890,Bucharest,10800,2018-05-04 18:51:45
2875479268,992145372209434625,Copenhagen,7200,2018-05-04 18:56:14
930623344529100800,992480571266912257,Pacific Time (US & Canada),-25200,2018-05-04 19:07:35
92460378,992480879212683271,Atlantic Time (Canada),-10800,2018-05-04 19:07:35
22475139,992442005325275136,London,3600,2018-05-04 19:08:53
248829087,992446935679275011,Athens,10800,2018-05-04 19:08:53
738153522277945344,992448324715274240,Pacific Time (US & Canada),-25200,2018-05-04 19:11:10
88467528,992481780971311106,Central Time (US & Canada),-18000,2018-05-04 19:11:10
487834443,987264804187451392,Amsterdam,7200,2018-05-04 19:12:47
331098333,992472789201440772,Madrid,7200,2018-05-04 19:13:20
98996662,991892346282303488,Eastern Time (US & Canada),-14400,2018-05-04 19:14:08
932752201,992482527544791040,Stockholm,7200,2018-05-04 19:14:08
990413232522309632,992473707363774464,Eastern Time (US & Canada),-14400,2018-05-04 19:14:55
494125690,992481166312837120,Athens,10800,2018-05-04 19:16:44
963106200,992483181885607936,Istanbul,10800,2018-05-04 19:16:44
381994185,992483383216431104,Athens,10800,2018-05-04 19:17:32
738153522277945344,984839122257772544,Pacific Time (US & Canada),-25200,2018-05-04 19:20:50
4496497823,992484213671768065,International Date Line West,-39600,2018-05-04 19:20:50
3089155533,992404214205898753,Bern,7200,2018-05-04 19:22:00
948393553830580225,992484507277250560,Eastern Time (US & Canada),-14400,2018-05-04 19:22:00
955730343021219840,992468364256792576,Pacific Time (US & Canada),-25200,2018-05-04 19:28:36
248829087,992472725368209410,Athens,10800,2018-05-04 19:28:44
126758373,992483119902097408,America/New_York,-14400,2018-05-04 19:29:00
1522839390,992486268884922368,Eastern Time (US & Canada),-14400,2018-05-04 19:29:00
287843201,992465886081634304,America/Los_Angeles,-25200,2018-05-04 19:30:13
2844388905,992470245498470402,Istanbul,10800,2018-05-04 19:31:13
248829087,992486826735751170,Athens,10800,2018-05-04 19:31:13
248829087,992485459598233606,Athens,10800,2018-05-04 19:33:02
22475139,992443711022882816,London,3600,2018-05-04 19:34:52
487834443,992445214299164673,Amsterdam,7200,2018-05-04 19:34:52
21418513,992483583544655872,Istanbul,10800,2018-05-04 19:38:32
92460378,992405749761486850,Atlantic Time (Canada),-10800,2018-05-04 19:38:49
2844388905,992470245498470402,Istanbul,10800,2018-05-04 19:44:02
3072592149,992490052163907591,Pacific Time (US & Canada),-25200,2018-05-04 19:44:02
2841998391,991436207660859392,Madrid,7200,2018-05-04 19:46:00
869193235918454786,992388725245206534,Pacific Time (US & Canada),-25200,2018-05-04 19:48:09
977033918,992493558597935104,Moscow,10800,2018-05-04 19:57:58
519149792,992431832800034817,Eastern Time (US & Canada),-14400,2018-05-04 20:02:04
4764985268,715233972465303552,Midway Island,-39600,2018-05-04 20:07:13
4764985268,986195096210112515,Midway Island,-39600,2018-05-04 20:07:13
4764985268,992495886436532224,Midway Island,-39600,2018-05-04 20:07:13
4764985268,709755726311395328,Midway Island,-39600,2018-05-04 20:10:14
4764985268,962950877865807872,Midway Island,-39600,2018-05-04 20:10:14
869193235918454786,992388725245206534,Pacific Time (US & Canada),-25200,2018-05-04 20:13:48
2763943599,992497543169880065,Pacific Time (US & Canada),-25200,2018-05-04 20:13:48
738153522277945344,992448324715274240,Pacific Time (US & Canada),-25200,2018-05-04 20:23:59
723206253296640000,992499673079406592,Pacific Time (US & Canada),-25200,2018-05-04 20:27:21
302111485,992500716873789440,Eastern Time (US & Canada),-14400,2018-05-04 20:27:37
365854454,992501024454729728,Beijing,28800,2018-05-04 20:27:38
3089497123,992027684724183043,Bucharest,10800,2018-05-04 20:30:04
2882902307,992493096645603328,Istanbul,10800,2018-05-04 20:32:58
597769317,992502366640463873,Athens,10800,2018-05-04 20:32:58
282055947,992451971482308608,Amsterdam,7200,2018-05-04 20:45:08
157735799,992505428444577797,Brussels,7200,2018-05-04 20:45:08
435725661,992299017936584705,Bern,7200,2018-05-04 20:52:47
2914133840,992507353638555649,Tehran,16200,2018-05-04 20:52:47
723206253296640000,992499673079406592,Pacific Time (US & Canada),-25200,2018-05-04 20:58:08
738153522277945344,992469055629017093,Pacific Time (US & Canada),-25200,2018-05-04 21:02:00
784765142349258752,992508884861538304,Pacific Time (US & Canada),-25200,2018-05-04 21:02:00
2835313900,992509673105428481,Ljubljana,7200,2018-05-04 21:02:00
326003773,991708914029940736,Eastern Time (US & Canada),-14400,2018-05-04 21:05:40
890891,992402360893952000,Pacific Time (US & Canada),-25200,2018-05-04 21:07:02
302111485,992462030152974338,Eastern Time (US & Canada),-14400,2018-05-04 21:07:02
399160871,992510939764228096,Eastern Time (US & Canada),-14400,2018-05-04 21:07:02
869193235918454786,992351664827969536,Pacific Time (US & Canada),-25200,2018-05-04 21:08:34
2584116900,992511325661253633,London,3600,2018-05-04 21:08:34
869193235918454786,992388725245206534,Pacific Time (US & Canada),-25200,2018-05-04 21:17:28
4755185554,992513565402779653,Pacific Time (US & Canada),-25200,2018-05-04 21:17:28
287843201,992419794430279681,America/Los_Angeles,-25200,2018-05-04 21:17:55
954124423,992512453350252545,Atlantic Time (Canada),-10800,2018-05-04 21:19:31
764827032979140608,992514081327284224,Eastern Time (US & Canada),-14400,2018-05-04 21:19:31
738153522277945344,992503622385614848,Pacific Time (US & Canada),-25200,2018-05-04 21:23:44
723206253296640000,992486951180697601,Pacific Time (US & Canada),-25200,2018-05-04 21:28:18
1114038398,992516291696168960,Istanbul,10800,2018-05-04 21:28:18
501663381,992511687755468801,Amsterdam,7200,2018-05-04 21:29:37
439972880,992516623054594048,Paris,7200,2018-05-04 21:29:37
954124423,992512453350252545,Atlantic Time (Canada),-10800,2018-05-04 21:33:07
869193235918454786,992388725245206534,Pacific Time (US & Canada),-25200,2018-05-04 21:33:40
869193235918454786,992388725245206534,Pacific Time (US & Canada),-25200,2018-05-04 21:34:48
815002106,992264394489843718,Eastern Time (US & Canada),-14400,2018-05-04 21:41:43
932577628975980544,992327988598530049,Pacific Time (US & Canada),-25200,2018-05-04 21:42:13
2473757377,992519793961066496,Berlin,7200,2018-05-04 21:42:13
618011830,992470629407436801,Athens,10800,2018-05-04 21:43:29
302111485,992500716873789440,Eastern Time (US & Canada),-14400,2018-05-04 21:44:09
2596413645,992475265384116224,Pacific Time (US & Canada),-25200,2018-05-04 21:45:54
37120696,992520720876953600,Pacific Time (US & Canada),-25200,2018-05-04 21:45:54
954124423,992512453350252545,Atlantic Time (Canada),-10800,2018-05-04 21:49:19
487834443,992314912805285888,Amsterdam,7200,2018-05-04 21:51:23
2574890250,992522494786580480,Pacific Time (US & Canada),-25200,2018-05-04 21:55:04
954124423,992512453350252545,Atlantic Time (Canada),-10800,2018-05-04 21:59:31
723206253296640000,992499673079406592,Pacific Time (US & Canada),-25200,2018-05-04 22:00:40
813914393788481540,992475612890746881,Pacific Time (US & Canada),-25200,2018-05-04 22:06:13
55383126,992525833742028801,Bern,7200,2018-05-04 22:06:13
869193235918454786,992388725245206534,Pacific Time (US & Canada),-25200,2018-05-04 22:07:53
3342154072,992526253197549568,Pacific Time (US & Canada),-25200,2018-05-04 22:07:53
92460378,992405749761486850,Atlantic Time (Canada),-10800,2018-05-04 22:09:54
372179642,992435416446963718,Berlin,7200,2018-05-04 22:14:58
900379938,992528258062221317,Madrid,7200,2018-05-04 22:15:51
869193235918454786,991314452346793984,Pacific Time (US & Canada),-25200,2018-05-04 22:19:49
869193235918454786,991314489885839360,Pacific Time (US & Canada),-25200,2018-05-04 22:23:24
367670160,992530158090358785,Madrid,7200,2018-05-04 22:23:24
869193235918454786,992351664827969536,Pacific Time (US & Canada),-25200,2018-05-04 22:23:51
618011830,992524126593134593,Athens,10800,2018-05-04 22:24:59
935609886817255429,992530556549320706,Jerusalem,10800,2018-05-04 22:24:59
435725661,992299017936584705,Bern,7200,2018-05-04 22:26:14
719153440107204608,992472226833330182,Pacific Time (US & Canada),-25200,2018-05-04 22:29:58
953408029831114753,992531810633551872,Pacific Time (US & Canada),-25200,2018-05-04 22:29:58
723206253296640000,992486951180697601,Pacific Time (US & Canada),-25200,2018-05-04 22:30:07
435725661,992299017936584705,Bern,7200,2018-05-04 22:31:21
806465743957225474,992348807890440192,Pacific Time (US & Canada),-25200,2018-05-04 22:46:43
953408029831114753,992536025913286657,Pacific Time (US & Canada),-25200,2018-05-04 22:46:43
487834443,992504965183819777,Amsterdam,7200,2018-05-04 22:46:58
922185407571390465,992506659829309441,Eastern Time (US & Canada),-14400,2018-05-04 22:47:28
3089155533,992536214673772546,Bern,7200,2018-05-04 22:47:28
954124423,992252974075334657,Atlantic Time (Canada),-10800,2018-05-04 22:49:01
869193235918454786,980525643585777669,Pacific Time (US & Canada),-25200,2018-05-04 22:49:38
723206253296640000,992486951180697601,Pacific Time (US & Canada),-25200,2018-05-04 22:55:51
487834443,992504965183819777,Amsterdam,7200,2018-05-04 23:00:13
92460378,992493139914100740,Atlantic Time (Canada),-10800,2018-05-04 23:00:17
3344453774,992540027694575621,Pacific Time (US & Canada),-25200,2018-05-04 23:03:17
980154832672776193,992540195051528192,Pacific Time (US & Canada),-25200,2018-05-04 23:03:17
954124423,992252974075334657,Atlantic Time (Canada),-10800,2018-05-04 23:07:47
2596413645,992501030364434432,Pacific Time (US & Canada),-25200,2018-05-04 23:12:40
1071964740,992483519241867266,Stockholm,7200,2018-05-04 23:16:07
723206253296640000,992499673079406592,Pacific Time (US & Canada),-25200,2018-05-04 23:21:08
3351844527,992470587527303169,Pacific Time (US & Canada),-25200,2018-05-04 23:35:24
954124423,992512453350252545,Atlantic Time (Canada),-10800,2018-05-04 23:39:13
988521239030521857,992549237983531008,Pacific Time (US & Canada),-25200,2018-05-04 23:39:13
723206253296640000,992499673079406592,Pacific Time (US & Canada),-25200,2018-05-04 23:41:32
247495419,992553126078173184,Tallinn,10800,2018-05-04 23:54:40
869193235918454786,992351664827969536,Pacific Time (US & Canada),-25200,2018-05-04 23:55:42
190255794,992493609609060353,Pacific Time (US & Canada),-25200,2018-05-04 23:57:37
215584318,992553868486696960,Istanbul,10800,2018-05-04 23:57:37
2574890250,992516020291166208,Pacific Time (US & Canada),-25200,2018-05-05 00:01:14
954124423,992252974075334657,Atlantic Time (Canada),-10800,2018-05-05 00:09:38
1121516594,992556892579811328,Brisbane,36000,2018-05-05 00:09:38
869193235918454786,992556897432756226,Pacific Time (US & Canada),-25200,2018-05-05 00:10:37
869193235918454786,992351664827969536,Pacific Time (US & Canada),-25200,2018-05-05 00:16:10
2851113772,992558536726065152,Pacific Time (US & Canada),-25200,2018-05-05 00:16:10
869193235918454786,992556897432756226,Pacific Time (US & Canada),-25200,2018-05-05 00:40:21
746864646225862656,992564622682214402,Pacific Time (US & Canada),-25200,2018-05-05 00:40:21
738153522277945344,992565864196009984,Pacific Time (US & Canada),-25200,2018-05-05 00:45:17
869193235918454786,992388725245206534,Pacific Time (US & Canada),-25200,2018-05-05 00:46:47
738153522277945344,992551721321689098,Pacific Time (US & Canada),-25200,2018-05-05 00:51:19
869193235918454786,992351664827969536,Pacific Time (US & Canada),-25200,2018-05-05 00:51:52
593024950,992567520925241351,Casablanca,3600,2018-05-05 00:51:52
782861332865544192,992567596431093762,Brussels,7200,2018-05-05 00:52:10
98996662,992454239577366534,Eastern Time (US & Canada),-14400,2018-05-05 00:55:58
990788738853810178,992568552736600069,Pacific Time (US & Canada),-25200,2018-05-05 00:55:58
92460378,992521603102670848,Atlantic Time (Canada),-10800,2018-05-05 01:19:46
1049546142,992574542215249921,Eastern Time (US & Canada),-14400,2018-05-05 01:19:46
869193235918454786,992556897432756226,Pacific Time (US & Canada),-25200,2018-05-05 01:20:06
3435027982,992574626080358401,Brasilia,-10800,2018-05-05 01:20:06
3709329729,992576316397498368,Eastern Time (US & Canada),-14400,2018-05-05 01:26:49
869193235918454786,990917102566600704,Pacific Time (US & Canada),-25200,2018-05-05 01:31:03
2412800060,992577381763137536,Pacific Time (US & Canada),-25200,2018-05-05 01:31:03
2596413645,992573268820291587,Pacific Time (US & Canada),-25200,2018-05-05 01:35:55
2303716045,992578606466502656,Pacific Time (US & Canada),-25200,2018-05-05 01:35:55
2596413645,992573268820291587,Pacific Time (US & Canada),-25200,2018-05-05 01:40:46
98996662,992580451968651264,Eastern Time (US & Canada),-14400,2018-05-05 01:43:15
849833645611372545,992572587300532224,Pacific Time (US & Canada),-25200,2018-05-05 01:55:03
3072592149,992583421539958784,Pacific Time (US & Canada),-25200,2018-05-05 01:55:03
98996662,992580451968651264,Eastern Time (US & Canada),-14400,2018-05-05 01:56:16
519149792,992431832800034817,Eastern Time (US & Canada),-14400,2018-05-05 01:58:15
18005085,992566647008452610,Eastern Time (US & Canada),-14400,2018-05-05 01:58:54
2256965582,992569850101882880,Central Time (US & Canada),-18000,2018-05-05 01:58:54
738153522277945344,992584390445121536,Pacific Time (US & Canada),-25200,2018-05-05 01:58:54
2464786264,991991597314297856,Pacific Time (US & Canada),-25200,2018-05-05 02:00:38
346612013,992274307148468225,London,3600,2018-05-05 02:00:38
282055947,992529368504250368,Amsterdam,7200,2018-05-05 02:04:47
420629175,992584175009005568,Greenland,-7200,2018-05-05 02:09:09
420629175,992584175009005568,Greenland,-7200,2018-05-05 02:11:07
590346965,992456094726479873,Istanbul,10800,2018-05-05 02:16:03
92460378,992500671206297601,Atlantic Time (Canada),-10800,2018-05-05 02:16:03
420629175,992584175009005568,Greenland,-7200,2018-05-05 02:30:50
2596413645,992573268820291587,Pacific Time (US & Canada),-25200,2018-05-05 02:36:39
723206253296640000,992558330706087937,Pacific Time (US & Canada),-25200,2018-05-05 02:43:27
2596413645,992573268820291587,Pacific Time (US & Canada),-25200,2018-05-05 02:54:51
1327105052,992598470723764225,Pacific Time (US & Canada),-25200,2018-05-05 02:54:51
869193235918454786,992388725245206534,Pacific Time (US & Canada),-25200,2018-05-05 02:56:01
402696959,992598764324929536,Kuala Lumpur,28800,2018-05-05 02:56:01
3709329729,992610235738140672,Eastern Time (US & Canada),-14400,2018-05-05 03:41:36
420629175,992584175009005568,Greenland,-7200,2018-05-05 03:46:36
2713427480,992601579793547265,Eastern Time (US & Canada),-14400,2018-05-05 03:48:40
3709329729,992612014135619585,Eastern Time (US & Canada),-14400,2018-05-05 03:48:40
869193235918454786,990917102566600704,Pacific Time (US & Canada),-25200,2018-05-05 03:50:52
100139705,992612567762649089,Tokyo,32400,2018-05-05 03:50:52
869193235918454786,990917102566600704,Pacific Time (US & Canada),-25200,2018-05-05 03:51:38
3372694883,992612760684040192,Pacific Time (US & Canada),-25200,2018-05-05 03:51:38
724984265994285056,992461333848313856,Central America,-21600,2018-05-05 03:52:27
954124423,992609748875988997,Atlantic Time (Canada),-10800,2018-05-05 03:53:52
80549263,992446046365278208,Istanbul,10800,2018-05-05 04:00:15
2897665331,992501155958837249,Bucharest,10800,2018-05-05 04:00:15
518104352,992614929176948736,Atlantic Time (Canada),-10800,2018-05-05 04:00:15
954124423,992609748875988997,Atlantic Time (Canada),-10800,2018-05-05 04:01:40
1016063701,992396994915241984,Athens,10800,2018-05-05 04:03:20
3044781244,992491091436990464,Baghdad,10800,2018-05-05 04:22:57
2927236667,992618098539843592,Madrid,7200,2018-05-05 04:22:57
248829087,992472725368209410,Athens,10800,2018-05-05 04:24:25
511049009,992538474501853184,Amsterdam,7200,2018-05-05 04:27:39
494829052,992622579562172416,Pacific Time (US & Canada),-25200,2018-05-05 04:30:39
723206253296640000,992558330706087937,Pacific Time (US & Canada),-25200,2018-05-05 04:35:18
39082174,992444881162338304,Baghdad,10800,2018-05-05 04:35:43
41401513,992436081667837952,Riyadh,10800,2018-05-05 04:37:48
2473757377,992529784142999552,Berlin,7200,2018-05-05 04:40:32
2596413645,992573268820291587,Pacific Time (US & Canada),-25200,2018-05-05 04:45:24
954124423,992609748875988997,Atlantic Time (Canada),-10800,2018-05-05 04:46:16
586163145,992521225929883649,Athens,10800,2018-05-05 04:54:04
954124423,992609748875988997,Atlantic Time (Canada),-10800,2018-05-05 04:58:29
954124423,992169525842989059,Atlantic Time (Canada),-10800,2018-05-05 05:18:22
954124423,992252974075334657,Atlantic Time (Canada),-10800,2018-05-05 05:42:01
55935057,992640539576225792,London,3600,2018-05-05 05:42:01
2596413645,992573268820291587,Pacific Time (US & Canada),-25200,2018-05-05 05:48:48
2492125436,992294572020531200,Pacific Time (US & Canada),-25200,2018-05-05 05:52:48
